"X","cell1","cell2","cell3","cell4","cell5","cell6","cell7","cell8","cell9","count_famrecall","count_prestudy_sequence","count_study_response","count_test_response","date_startdate","date_starttime","multichar_knowresp","p2dur","plc1","plc1c","plc1s","plc1sh","plc1x","plc1y","plc2","plc2c","plc2s","plc2sh","plc2x","plc2y","plc3","plc3c","plc3s","plc3sh","plc3x","plc3y","plc4","plc4c","plc4s","plc4sh","plc4x","plc4y","plc5","plc5c","plc5s","plc5sh","plc5x","plc5y","plcundefined","plcundefineds","plcundefinedsh","plcundefinedx","plcundefinedy","response_study_response","response_test_response","response_time_study_response","response_time_test_response","rtnr","sessionid","stim","type","tq"
142,0,1,4,3,0,2,5,0,0,0,19,59,79,"13-10-23","17:01:51","hsinls",2120,"cir0.png",0,1,"cir",0,-120,"tri0.png",0,1,"tri",120,0,"tri0.png",0,1,"tri",-120,0,"sqa0.png",0,1,"sqa",120,-120,"cir0.png",0,1,"cir",-120,120,"",NA,"",NA,NA,"left","left",747,880,1,1699891334881,"p3sarrshacol4.png","sarrshacol","new"
143,1,2,0,5,4,3,0,0,0,0,19,59,79,"13-10-23","17:01:51","hsinls",2120,"cir0.png",0,1,"cir",-120,-120,"cir0.png",0,1,"cir",0,-120,"tri0.png",0,1,"tri",120,0,"sqa0.png",0,1,"sqa",0,0,"sqa0.png",0,1,"sqa",-120,0,"",NA,"",NA,NA,"left","left",747,880,2,1699891334881,"p3sarrshacol4.png","sarrshacol","new"
144,0,3,5,2,4,1,0,0,0,0,19,59,79,"13-10-23","17:01:51","hsinls",2120,"sqa0.png",0,1,"sqa",120,0,"tri0.png",0,1,"tri",-120,0,"sqa0.png",0,1,"sqa",0,-120,"cir0.png",0,1,"cir",0,0,"cir0.png",0,1,"cir",120,-120,"",NA,"",NA,NA,"left","left",747,880,3,1699891334881,"p3sarrshacol4.png","sarrshacol","new"
145,0,1,4,0,3,5,0,2,0,0,19,59,79,"13-10-23","17:01:51","hsinls",2120,"tri0.png",0,1,"tri",0,-120,"sqa0.png",0,1,"sqa",0,120,"cir0.png",0,1,"cir",0,0,"tri0.png",0,1,"tri",120,-120,"tri0.png",0,1,"tri",120,0,"",NA,"",NA,NA,"left","left",747,880,4,1699891334881,"p3sarrshacol4.png","sarrshacol","new"
287,0,5,1,0,2,4,3,0,0,0,19,59,79,"12-10-23","21:08:13","gs16te",1062,"tri2.png",2,1,"tri",120,-120,"sqa2.png",2,1,"sqa",0,0,"cir1.png",1,1,"cir",-120,120,"tri4.png",4,1,"tri",120,0,"sqa3.png",3,1,"sqa",0,-120,"",NA,"",NA,NA,"right","left",1293,1938,1,1699819775953,"p3sarrshacol4.png","sarrshacol","new"
288,0,5,NA,4,2,3,1,0,0,0,19,59,79,"12-10-23","21:08:13","gs16te",1062,"cir1.png",1,1,"cir",-120,120,"tri2.png",2,1,"tri",0,0,"sqa6.png",6,1,"sqa",120,0,"cir2.png",2,1,"cir",-120,0,"tri4.png",4,1,"tri",0,-120,"sqa0.png",1,"sqa",120,-120,"right","left",1293,1938,2,1699819775953,"p3sarrshacol4.png","sarrshacol","new"
289,0,5,0,3,1,0,2,0,4,0,19,59,79,"12-10-23","21:08:13","gs16te",1062,"tri3.png",3,1,"tri",0,0,"sqa1.png",1,1,"sqa",-120,120,"sqa2.png",2,1,"sqa",-120,0,"cir1.png",1,1,"cir",120,120,"tri4.png",4,1,"tri",0,-120,"sqa0.png",1,"sqa",120,-120,"right","left",1293,1938,3,1699819775953,"p3sarrshacol4.png","sarrshacol","new"
290,0,0,1,4,3,2,0,0,5,0,19,59,79,"12-10-23","21:08:13","gs16te",1062,"sqa2.png",2,1,"sqa",120,-120,"sqa4.png",4,1,"sqa",120,0,"cir3.png",3,1,"cir",0,0,"tri1.png",1,1,"tri",-120,0,"cir1.png",1,1,"cir",120,120,"sqa0.png",1,"sqa",120,-120,"right","left",1293,1938,4,1699819775953,"p3sarrshacol4.png","sarrshacol","new"
432,0,4,3,0,1,5,0,2,0,0,19,59,79,"02-10-23","14:01:27","q8zajp",2026,"tri5.png",5,1,"tri",0,0,"sqa1.png",1,1,"sqa",0,120,"cir3.png",3,1,"cir",120,-120,"sqa1.png",1,1,"sqa",0,-120,"cir3.png",3,1,"cir",120,0,"",NA,"",NA,NA,"right","right",1146,974,1,1698930089257,"p3sarrshacol4.png","sarrshacol","new"
433,1,2,0,4,5,3,0,0,0,0,19,59,79,"02-10-23","14:01:27","q8zajp",2026,"cir3.png",3,1,"cir",-120,-120,"sqa3.png",3,1,"sqa",0,-120,"tri5.png",5,1,"tri",120,0,"cir6.png",6,1,"cir",-120,0,"sqa6.png",6,1,"sqa",0,0,"",NA,"",NA,NA,"right","right",1146,974,2,1698930089257,"p3sarrshacol4.png","sarrshacol","new"
434,0,3,1,2,0,5,4,0,0,0,19,59,79,"02-10-23","14:01:27","q8zajp",2026,"sqa4.png",4,1,"sqa",120,-120,"sqa4.png",4,1,"sqa",-120,0,"tri1.png",1,1,"tri",0,-120,"tri6.png",6,1,"tri",-120,120,"tri4.png",4,1,"tri",120,0,"",NA,"",NA,NA,"right","right",1146,974,3,1698930089257,"p3sarrshacol4.png","sarrshacol","new"
435,2,0,0,5,1,0,0,4,3,0,19,59,79,"02-10-23","14:01:27","q8zajp",2026,"tri5.png",5,1,"tri",0,0,"tri4.png",4,1,"tri",-120,-120,"tri1.png",1,1,"tri",120,120,"cir3.png",3,1,"cir",0,120,"sqa3.png",3,1,"sqa",-120,0,"",NA,"",NA,NA,"right","right",1146,974,4,1698930089257,"p3sarrshacol4.png","sarrshacol","new"
577,0,0,5,3,0,2,4,0,1,0,19,59,79,"30-09-23","11:04:09","noe6ck",751,"sqa0.png",0,1,"sqa",120,120,"tri0.png",0,1,"tri",120,0,"tri0.png",0,1,"tri",-120,0,"cir0.png",0,1,"cir",-120,120,"sqa0.png",0,1,"sqa",120,-120,"",NA,"",NA,NA,"right","right",984,2249,1,1698660323341,"p3sarrshacol4.png","sarrshacol","new"
578,0,0,3,0,4,2,5,1,0,0,19,59,79,"30-09-23","11:04:09","noe6ck",751,"sqa0.png",0,1,"sqa",0,120,"tri0.png",0,1,"tri",120,0,"sqa0.png",0,1,"sqa",120,-120,"tri0.png",0,1,"tri",0,0,"cir0.png",0,1,"cir",-120,120,"",NA,"",NA,NA,"right","right",984,2249,2,1698660323341,"p3sarrshacol4.png","sarrshacol","new"
579,3,0,0,1,2,4,5,0,0,0,19,59,79,"30-09-23","11:04:09","noe6ck",751,"sqa4.png",4,1,"sqa",-120,0,"cir0.png",0,1,"cir",0,0,"cir6.png",6,1,"cir",-120,-120,"sqa0.png",0,1,"sqa",120,0,"cir0.png",0,1,"cir",-120,120,"",NA,"",NA,NA,"right","right",984,2249,3,1698660323341,"p3sarrshacol4.png","sarrshacol","new"
580,0,0,2,4,3,5,1,0,0,0,19,59,79,"30-09-23","11:04:09","noe6ck",751,"cir0.png",0,1,"cir",-120,120,"tri0.png",0,1,"tri",120,-120,"tri0.png",0,1,"tri",0,0,"tri0.png",0,1,"tri",-120,0,"sqa0.png",0,1,"sqa",120,0,"",NA,"",NA,NA,"right","right",984,2249,4,1698660323341,"p3sarrshacol4.png","sarrshacol","new"
867,1,0,2,3,0,4,0,5,0,0,19,59,79,"21-09-23","12:16:08","cktdi9",1736,"tri1.png",1,1,"tri",-120,-120,"sqa2.png",2,1,"sqa",120,-120,"cir3.png",3,1,"cir",-120,0,"cir1.png",1,1,"cir",120,0,"cir5.png",5,1,"cir",0,120,"",NA,"",NA,NA,"right","left",1375,1264,1,1697883398430,"p3sarrshacol4.png","sarrshacol","new"
868,1,0,0,5,3,0,0,4,2,0,19,59,79,"21-09-23","12:16:08","cktdi9",1736,"tri3.png",3,1,"tri",-120,-120,"cir2.png",2,1,"cir",120,120,"cir4.png",4,1,"cir",0,0,"sqa6.png",6,1,"sqa",0,120,"sqa2.png",2,1,"sqa",-120,0,"",NA,"",NA,NA,"right","left",1375,1264,2,1697883398430,"p3sarrshacol4.png","sarrshacol","new"
869,0,5,0,2,0,3,1,0,4,0,19,59,79,"21-09-23","12:16:08","cktdi9",1736,"cir3.png",3,1,"cir",-120,120,"cir1.png",1,1,"cir",-120,0,"tri3.png",3,1,"tri",120,0,"sqa2.png",2,1,"sqa",120,120,"cir5.png",5,1,"cir",0,-120,"",NA,"",NA,NA,"right","left",1375,1264,3,1697883398430,"p3sarrshacol4.png","sarrshacol","new"
870,1,2,0,4,3,0,0,5,0,0,19,59,79,"21-09-23","12:16:08","cktdi9",1736,"tri1.png",1,1,"tri",-120,-120,"tri5.png",5,1,"tri",0,-120,"cir6.png",6,1,"cir",0,0,"sqa5.png",5,1,"sqa",-120,0,"sqa6.png",6,1,"sqa",0,120,"",NA,"",NA,NA,"right","left",1375,1264,4,1697883398430,"p3sarrshacol4.png","sarrshacol","new"
1012,3,0,0,4,5,2,0,0,NA,0,19,59,79,"20-09-23","15:05:16","wqufrn",2180,"sqa1.png",1,0,"sqa",0,-120,"tri4.png",4,1,"tri",120,0,"sqa2.png",2,1,"sqa",-120,-120,"sqa1.png",1,1,"sqa",-120,0,"sqa4.png",4,1,"sqa",0,0,"sqa0.png",1,"sqa",0,0,"right","left",754,820,1,1697807202151,"p3sarrshacol4.png","sarrshacol","new"
1013,4,5,0,2,1,0,0,3,0,0,19,59,79,"20-09-23","15:05:16","wqufrn",2180,"tri3.png",3,1,"tri",0,0,"sqa2.png",2,1,"sqa",-120,0,"cir4.png",4,1,"cir",0,120,"sqa4.png",4,1,"sqa",-120,-120,"sqa3.png",3,1,"sqa",0,-120,"sqa0.png",1,"sqa",0,0,"right","left",754,820,2,1697807202151,"p3sarrshacol4.png","sarrshacol","new"
1014,0,2,4,0,3,1,0,5,0,0,19,59,79,"20-09-23","15:05:16","wqufrn",2180,"sqa4.png",4,1,"sqa",120,0,"cir1.png",1,1,"cir",0,-120,"tri3.png",3,1,"tri",0,0,"sqa1.png",1,1,"sqa",120,-120,"cir2.png",2,1,"cir",0,120,"sqa0.png",1,"sqa",0,0,"right","left",754,820,3,1697807202151,"p3sarrshacol4.png","sarrshacol","new"
1015,0,0,2,1,4,5,0,3,0,0,19,59,79,"20-09-23","15:05:16","wqufrn",2180,"tri1.png",1,1,"tri",-120,0,"sqa1.png",1,1,"sqa",120,-120,"cir4.png",4,1,"cir",0,120,"cir3.png",3,1,"cir",0,0,"sqa3.png",3,1,"sqa",120,0,"sqa0.png",1,"sqa",0,0,"right","left",754,820,4,1697807202151,"p3sarrshacol4.png","sarrshacol","new"
1302,2,0,3,5,0,1,4,0,0,0,19,59,79,"16-09-23","21:02:51","vt3ydj",1744,"tri6.png",6,1,"tri",120,0,"sqa5.png",5,1,"sqa",-120,-120,"tri3.png",3,1,"tri",120,-120,"sqa5.png",5,1,"sqa",-120,120,"cir1.png",1,1,"cir",-120,0,"",NA,"",NA,NA,"right","left",656,1256,1,1697483050272,"p3sarrshacol4.png","sarrshacol","new"
1303,0,5,4,2,0,1,3,0,0,0,19,59,79,"16-09-23","21:02:51","vt3ydj",1744,"tri4.png",4,1,"tri",120,0,"cir6.png",6,1,"cir",-120,0,"tri4.png",4,1,"tri",-120,120,"sqa4.png",4,1,"sqa",120,-120,"sqa4.png",4,1,"sqa",0,-120,"tri0.png",1,"tri",120,0,"right","left",656,1256,2,1697483050272,"p3sarrshacol4.png","sarrshacol","new"
1304,1,2,0,3,4,NA,5,0,0,0,19,59,79,"16-09-23","21:02:51","vt3ydj",1744,"sqa6.png",6,1,"sqa",-120,-120,"sqa2.png",2,1,"sqa",0,-120,"cir5.png",5,1,"cir",-120,0,"cir4.png",4,1,"cir",0,0,"tri5.png",5,1,"tri",-120,120,"tri0.png",1,"tri",120,0,"right","left",656,1256,3,1697483050272,"p3sarrshacol4.png","sarrshacol","new"
1305,3,0,5,1,0,4,2,0,0,0,19,59,79,"16-09-23","21:02:51","vt3ydj",1744,"cir5.png",5,1,"cir",-120,0,"sqa1.png",1,1,"sqa",-120,120,"sqa1.png",1,1,"sqa",-120,-120,"tri3.png",3,1,"tri",120,0,"tri3.png",3,1,"tri",120,-120,"tri0.png",1,"tri",120,0,"right","left",656,1256,4,1697483050272,"p3sarrshacol4.png","sarrshacol","new"
1588,0,3,1,4,5,2,0,0,0,0,19,59,79,"15-09-23","21:46:13","v5sueo",1531,"cir0.png",0,1,"cir",120,-120,"tri0.png",0,1,"tri",120,0,"sqa0.png",0,1,"sqa",0,-120,"sqa0.png",0,1,"sqa",-120,0,"cir0.png",0,1,"cir",0,0,"",NA,"",NA,NA,"right","left",720,1469,1,1697399192103,"p3sarrshacol4.png","sarrshacol","new"
1589,0,5,0,0,1,3,0,4,2,0,19,59,79,"15-09-23","21:46:13","v5sueo",1531,"sqa0.png",0,1,"sqa",0,0,"cir0.png",0,1,"cir",120,120,"cir0.png",0,1,"cir",120,0,"sqa0.png",0,1,"sqa",0,120,"tri0.png",0,1,"tri",0,-120,"",NA,"",NA,NA,"right","left",720,1469,2,1697399192103,"p3sarrshacol4.png","sarrshacol","new"
1590,0,4,5,3,0,0,1,0,2,0,19,59,79,"15-09-23","21:46:13","v5sueo",1531,"tri0.png",0,1,"tri",-120,120,"cir0.png",0,1,"cir",120,120,"sqa0.png",0,1,"sqa",-120,0,"sqa0.png",0,1,"sqa",0,-120,"tri0.png",0,1,"tri",120,-120,"",NA,"",NA,NA,"right","left",720,1469,3,1697399192103,"p3sarrshacol4.png","sarrshacol","new"
1591,2,3,0,5,4,0,1,NA,0,0,19,59,79,"15-09-23","21:46:13","v5sueo",1531,"sqa5.png",5,1,"sqa",-120,120,"sqa5.png",5,1,"sqa",-120,-120,"cir3.png",3,1,"cir",0,-120,"cir3.png",3,1,"cir",0,0,"sqa4.png",4,1,"sqa",-120,0,"cir0.png",1,"cir",0,120,"right","left",720,1469,4,1697399192103,"p3sarrshacol4.png","sarrshacol","new"
1733,0,2,1,0,3,4,0,0,0,0,19,59,79,"15-09-23","18:50:11","iffzsd",1519,"tri3.png",3,1,"tri",120,-120,"cir5.png",5,1,"cir",0,-120,"tri1.png",1,1,"tri",0,0,"tri3.png",3,1,"tri",120,0,"cir0.png",0,0,"cir",0,0,"",NA,"",NA,NA,"right","left",1232,1481,1,1697388708316,"p3sarrshacol4.png","sarrshacol","new"
1734,0,0,2,5,3,4,1,0,0,0,19,59,79,"15-09-23","18:50:11","iffzsd",1519,"cir1.png",1,1,"cir",-120,120,"sqa4.png",4,1,"sqa",120,-120,"cir2.png",2,1,"cir",0,0,"tri3.png",3,1,"tri",120,0,"sqa4.png",4,1,"sqa",-120,0,"",NA,"",NA,NA,"right","left",1232,1481,2,1697388708316,"p3sarrshacol4.png","sarrshacol","new"
1735,0,0,5,3,4,2,0,1,0,0,19,59,79,"15-09-23","18:50:11","iffzsd",1519,"tri3.png",3,1,"tri",0,120,"tri4.png",4,1,"tri",120,0,"sqa5.png",5,1,"sqa",-120,0,"cir6.png",6,1,"cir",0,0,"sqa4.png",4,1,"sqa",120,-120,"",NA,"",NA,NA,"right","left",1232,1481,3,1697388708316,"p3sarrshacol4.png","sarrshacol","new"
1736,0,0,1,2,5,3,0,4,0,0,19,59,79,"15-09-23","18:50:11","iffzsd",1519,"cir6.png",6,1,"cir",120,-120,"sqa4.png",4,1,"sqa",-120,0,"tri2.png",2,1,"tri",120,0,"sqa3.png",3,1,"sqa",0,120,"tri4.png",4,1,"tri",0,0,"",NA,"",NA,NA,"right","left",1232,1481,4,1697388708316,"p3sarrshacol4.png","sarrshacol","new"
2019,1,4,0,3,5,2,0,0,0,0,19,59,79,"11-09-23","17:03:10","f9w1z2",1210,"tri1.png",1,1,"tri",-120,-120,"cir4.png",4,1,"cir",120,0,"tri3.png",3,1,"tri",-120,0,"cir1.png",1,1,"cir",0,-120,"sqa4.png",4,1,"sqa",0,0,"",NA,"",NA,NA,"right","left",899,1790,1,1697036663393,"p3sarrshacol4.png","sarrshacol","new"
2020,0,4,5,1,0,3,2,0,0,0,19,59,79,"11-09-23","17:03:10","f9w1z2",1210,"cir4.png",4,1,"cir",-120,0,"tri6.png",6,1,"tri",-120,120,"tri4.png",4,1,"tri",120,0,"cir1.png",1,1,"cir",0,-120,"sqa4.png",4,1,"sqa",120,-120,"",NA,"",NA,NA,"right","left",899,1790,2,1697036663393,"p3sarrshacol4.png","sarrshacol","new"
2021,0,3,5,0,1,2,0,4,0,0,19,59,79,"11-09-23","17:03:10","f9w1z2",1210,"tri6.png",6,1,"tri",0,0,"cir3.png",3,1,"cir",120,0,"tri5.png",5,1,"tri",0,-120,"cir3.png",3,1,"cir",0,120,"sqa6.png",6,1,"sqa",120,-120,"",NA,"",NA,NA,"right","left",899,1790,3,1697036663393,"p3sarrshacol4.png","sarrshacol","new"
2022,NA,1,5,3,4,2,0,0,NA,0,19,59,79,"11-09-23","17:03:10","f9w1z2",1210,"tri1.png",1,1,"tri",0,-120,"cir3.png",3,1,"cir",120,0,"cir5.png",5,1,"cir",-120,0,"sqa6.png",6,1,"sqa",0,0,"tri1.png",1,1,"tri",120,-120,"tri0.png",1,"tri",-120,-120,"right","left",899,1790,4,1697036663393,"p3sarrshacol4.png","sarrshacol","new"
2164,4,0,2,0,1,5,3,0,0,0,19,59,79,"11-09-23","14:01:32","woproj",1645,"sqa1.png",1,1,"sqa",0,0,"sqa3.png",3,1,"sqa",120,-120,"sqa1.png",1,1,"sqa",-120,120,"tri1.png",1,1,"tri",-120,-120,"sqa2.png",2,1,"sqa",120,0,"",NA,"",NA,NA,"left","left",743,1355,1,1697025756235,"p3sarrshacol4.png","sarrshacol","new"
2165,3,2,NA,0,1,5,0,0,4,0,19,59,79,"11-09-23","14:01:32","woproj",1645,"sqa1.png",1,1,"sqa",0,0,"sqa2.png",2,1,"sqa",0,-120,"sqa3.png",3,1,"sqa",-120,-120,"tri4.png",4,1,"tri",120,120,"cir6.png",6,1,"cir",120,0,"sqa0.png",1,"sqa",120,-120,"left","left",743,1355,2,1697025756235,"p3sarrshacol4.png","sarrshacol","new"
2166,5,NA,0,4,3,1,0,2,NA,0,19,59,79,"11-09-23","14:01:32","woproj",1645,"sqa4.png",4,1,"sqa",120,0,"cir5.png",5,1,"cir",0,120,"sqa3.png",3,1,"sqa",0,0,"sqa6.png",6,1,"sqa",-120,0,"cir4.png",4,1,"cir",-120,-120,"sqa0.png",1,"sqa",120,120,"left","left",743,1355,3,1697025756235,"p3sarrshacol4.png","sarrshacol","new"
2167,0,0,5,1,0,2,3,0,4,0,19,59,79,"11-09-23","14:01:32","woproj",1645,"sqa6.png",6,1,"sqa",-120,0,"sqa2.png",2,1,"sqa",120,0,"tri1.png",1,1,"tri",-120,120,"sqa6.png",6,1,"sqa",120,120,"cir1.png",1,1,"cir",120,-120,"sqa0.png",1,"sqa",120,120,"left","left",743,1355,4,1697025756235,"p3sarrshacol4.png","sarrshacol","new"
2309,2,0,3,1,0,5,4,0,0,0,19,59,79,"11-09-23","12:36:43","t7oifc",177,"tri0.png",0,1,"tri",-120,0,"sqa5.png",5,1,"sqa",-120,-120,"sqa5.png",5,1,"sqa",120,-120,"cir4.png",4,1,"cir",-120,120,"cir4.png",4,1,"cir",120,0,"",NA,"",NA,NA,"right","left",1500,2823,1,1697020618677,"p3sarrshacol4.png","sarrshacol","new"
2310,3,0,0,1,0,5,4,0,2,0,19,59,79,"11-09-23","12:36:43","t7oifc",177,"tri0.png",0,1,"tri",-120,0,"sqa0.png",0,1,"sqa",120,120,"cir0.png",0,1,"cir",-120,-120,"tri0.png",0,1,"tri",-120,120,"sqa0.png",0,1,"sqa",120,0,"",NA,"",NA,NA,"right","left",1500,2823,2,1697020618677,"p3sarrshacol4.png","sarrshacol","new"
2311,1,0,2,0,0,4,0,5,3,0,19,59,79,"11-09-23","12:36:43","t7oifc",177,"tri0.png",0,1,"tri",-120,-120,"sqa0.png",0,1,"sqa",120,-120,"cir0.png",0,1,"cir",120,120,"tri0.png",0,1,"tri",120,0,"sqa0.png",0,1,"sqa",0,120,"",NA,"",NA,NA,"right","left",1500,2823,3,1697020618677,"p3sarrshacol4.png","sarrshacol","new"
2312,0,0,0,0,2,1,4,5,3,0,19,59,79,"11-09-23","12:36:43","t7oifc",177,"tri0.png",0,1,"tri",120,0,"tri0.png",0,1,"tri",0,0,"sqa0.png",0,1,"sqa",120,120,"sqa0.png",0,1,"sqa",-120,120,"sqa0.png",0,1,"sqa",0,120,"",NA,"",NA,NA,"right","left",1500,2823,4,1697020618677,"p3sarrshacol4.png","sarrshacol","new"
2454,3,4,0,1,2,5,0,0,0,0,19,59,79,"11-09-23","11:55:55","p63v13",1362,"cir6.png",6,1,"cir",-120,0,"sqa6.png",6,1,"sqa",0,0,"cir1.png",1,1,"cir",-120,-120,"sqa3.png",3,1,"sqa",0,-120,"tri2.png",2,1,"tri",120,0,"",NA,"",NA,NA,"left","down",1488,1638,1,1697018205909,"p3sarrshacol4.png","sarrshacol","new"
2455,4,3,1,5,2,NA,0,0,NA,0,19,59,79,"11-09-23","11:55:55","p63v13",1362,"tri3.png",3,1,"tri",120,-120,"sqa5.png",5,1,"sqa",0,0,"tri3.png",3,1,"tri",0,-120,"sqa5.png",5,1,"sqa",-120,-120,"cir4.png",4,1,"cir",-120,0,"tri0.png",1,"tri",120,0,"left","down",1488,1638,2,1697018205909,"p3sarrshacol4.png","sarrshacol","new"
2456,5,0,1,3,4,2,0,0,0,0,19,59,79,"11-09-23","11:55:55","p63v13",1362,"cir2.png",2,1,"cir",120,-120,"tri6.png",6,1,"tri",120,0,"cir5.png",5,1,"cir",-120,0,"sqa3.png",3,1,"sqa",0,0,"sqa1.png",1,1,"sqa",-120,-120,"cir0.png",1,"cir",-120,0,"left","down",1488,1638,3,1697018205909,"p3sarrshacol4.png","sarrshacol","new"
2457,NA,3,5,1,4,2,0,0,0,0,19,59,79,"11-09-23","11:55:55","p63v13",1362,"cir0.png",0,1,"cir",-120,0,"tri0.png",0,1,"tri",120,0,"tri0.png",0,1,"tri",0,-120,"sqa0.png",0,1,"sqa",0,0,"tri0.png",0,1,"tri",120,-120,"sqa0.png",1,"sqa",-120,-120,"left","down",1488,1638,4,1697018205909,"p3sarrshacol4.png","sarrshacol","new"
2599,0,1,3,4,5,0,0,2,0,0,19,59,79,"10-09-23","13:24:16","i73s61",0,"tri0.png",0,1,"tri",0,-120,"cir0.png",0,1,"cir",0,120,"sqa0.png",0,1,"sqa",120,-120,"sqa0.png",0,1,"sqa",-120,0,"cir0.png",0,1,"cir",0,0,"",NA,"",NA,NA,"right","None",2211,3008,1,1696937147762,"p3sarrshacol4.png","sarrshacol","new"
2600,0,1,0,0,3,2,4,5,0,0,19,59,79,"10-09-23","13:24:16","i73s61",0,"tri0.png",0,1,"tri",0,-120,"sqa0.png",0,1,"sqa",120,0,"cir0.png",0,1,"cir",0,0,"sqa0.png",0,1,"sqa",-120,120,"cir0.png",0,1,"cir",0,120,"",NA,"",NA,NA,"right","None",2211,3008,2,1696937147762,"p3sarrshacol4.png","sarrshacol","new"
2601,5,2,0,0,3,0,0,1,4,0,19,59,79,"10-09-23","13:24:16","i73s61",0,"sqa5.png",5,1,"sqa",0,120,"tri3.png",3,1,"tri",0,-120,"sqa1.png",1,1,"sqa",0,0,"cir3.png",3,1,"cir",120,120,"sqa1.png",1,1,"sqa",-120,-120,"",NA,"",NA,NA,"right","None",2211,3008,3,1696937147762,"p3sarrshacol4.png","sarrshacol","new"
2602,5,1,0,0,3,2,4,0,0,0,19,59,79,"10-09-23","13:24:16","i73s61",0,"sqa1.png",1,1,"sqa",0,-120,"sqa5.png",5,1,"sqa",120,0,"sqa4.png",4,1,"sqa",0,0,"cir4.png",4,1,"cir",-120,120,"sqa4.png",4,1,"sqa",-120,-120,"",NA,"",NA,NA,"right","None",2211,3008,4,1696937147762,"p3sarrshacol4.png","sarrshacol","new"
2744,2,0,4,3,0,5,1,0,0,0,19,59,79,"10-09-23","11:19:16","ge70df",1585,"sqa0.png",0,1,"sqa",-120,120,"tri0.png",0,1,"tri",-120,-120,"cir0.png",0,1,"cir",-120,0,"tri0.png",0,1,"tri",120,-120,"tri0.png",0,1,"tri",120,0,"",NA,"",NA,NA,"left","down",1575,1415,1,1696929563596,"p3sarrshacol4.png","sarrshacol","new"
2745,5,1,0,2,4,0,3,0,0,0,19,59,79,"10-09-23","11:19:16","ge70df",1585,"tri3.png",3,1,"tri",0,-120,"cir4.png",4,1,"cir",-120,0,"sqa1.png",1,1,"sqa",-120,120,"tri3.png",3,1,"tri",0,0,"tri1.png",1,1,"tri",-120,-120,"",NA,"",NA,NA,"left","down",1575,1415,2,1696929563596,"p3sarrshacol4.png","sarrshacol","new"
2746,0,3,0,1,0,2,5,0,4,0,19,59,79,"10-09-23","11:19:16","ge70df",1585,"tri5.png",5,1,"tri",-120,0,"sqa4.png",4,1,"sqa",120,0,"sqa1.png",1,1,"sqa",0,-120,"cir3.png",3,1,"cir",120,120,"cir4.png",4,1,"cir",-120,120,"",NA,"",NA,NA,"left","down",1575,1415,3,1696929563596,"p3sarrshacol4.png","sarrshacol","new"
2747,5,0,1,4,0,2,0,3,0,0,19,59,79,"10-09-23","11:19:16","ge70df",1585,"sqa1.png",1,1,"sqa",120,-120,"tri5.png",5,1,"tri",120,0,"cir1.png",1,1,"cir",0,120,"sqa4.png",4,1,"sqa",-120,0,"tri3.png",3,1,"tri",-120,-120,"",NA,"",NA,NA,"left","down",1575,1415,4,1696929563596,"p3sarrshacol4.png","sarrshacol","new"
3030,0,NA,0,0,4,5,3,1,2,0,19,59,79,"08-09-23","09:09:17","rpbafl",0,"cir4.png",4,1,"cir",0,120,"tri5.png",5,1,"tri",120,120,"sqa4.png",4,1,"sqa",-120,120,"sqa5.png",5,1,"sqa",0,0,"cir1.png",1,1,"cir",120,0,"sqa0.png",1,"sqa",0,-120,"left","None",1436,3002,1,1696749005356,"p3sarrshacol4.png","sarrshacol","new"
3031,0,4,1,0,3,2,0,5,0,0,19,59,79,"08-09-23","09:09:17","rpbafl",0,"tri3.png",3,1,"tri",120,-120,"tri3.png",3,1,"tri",120,0,"cir1.png",1,1,"cir",0,0,"tri5.png",5,1,"tri",0,-120,"sqa5.png",5,1,"sqa",0,120,"sqa0.png",1,"sqa",0,-120,"left","None",1436,3002,2,1696749005356,"p3sarrshacol4.png","sarrshacol","new"
3032,0,0,0,2,5,0,1,4,3,0,19,59,79,"08-09-23","09:09:17","rpbafl",0,"sqa4.png",4,1,"sqa",-120,120,"sqa5.png",5,1,"sqa",-120,0,"cir3.png",3,1,"cir",120,120,"tri4.png",4,1,"tri",0,120,"tri1.png",1,1,"tri",0,0,"sqa0.png",1,"sqa",0,-120,"left","None",1436,3002,3,1696749005356,"p3sarrshacol4.png","sarrshacol","new"
3033,0,2,3,1,4,5,NA,NA,0,0,19,59,79,"08-09-23","09:09:17","rpbafl",0,"cir1.png",1,1,"cir",-120,0,"sqa5.png",5,1,"sqa",0,-120,"sqa4.png",4,1,"sqa",120,-120,"tri4.png",4,1,"tri",0,0,"tri4.png",4,1,"tri",120,0,"tri0.png",1,"tri",0,120,"left","None",1436,3002,4,1696749005356,"p3sarrshacol4.png","sarrshacol","new"
3175,4,2,0,1,3,5,0,0,0,0,19,59,79,"07-09-23","14:00:58","k5e25s",488,"cir0.png",0,1,"cir",-120,0,"sqa0.png",0,1,"sqa",0,-120,"sqa0.png",0,1,"sqa",0,0,"cir0.png",0,1,"cir",-120,-120,"tri0.png",0,1,"tri",120,0,"",NA,"",NA,NA,"left","right",2212,2512,1,1696680071863,"p3sarrshacol4.png","sarrshacol","new"
3176,5,0,0,2,0,1,4,0,3,0,19,59,79,"07-09-23","14:00:58","k5e25s",488,"tri0.png",0,1,"tri",120,0,"cir0.png",0,1,"cir",-120,0,"cir0.png",0,1,"cir",120,120,"tri0.png",0,1,"tri",-120,120,"tri0.png",0,1,"tri",-120,-120,"",NA,"",NA,NA,"left","right",2212,2512,2,1696680071863,"p3sarrshacol4.png","sarrshacol","new"
3177,3,0,0,4,2,0,5,1,0,0,19,59,79,"07-09-23","14:00:58","k5e25s",488,"sqa0.png",0,1,"sqa",0,120,"sqa0.png",0,1,"sqa",0,0,"tri0.png",0,1,"tri",-120,-120,"cir0.png",0,1,"cir",-120,0,"sqa0.png",0,1,"sqa",-120,120,"",NA,"",NA,NA,"left","right",2212,2512,3,1696680071863,"p3sarrshacol4.png","sarrshacol","new"
3178,5,3,1,4,0,0,2,0,NA,0,19,59,79,"07-09-23","14:00:58","k5e25s",488,"tri0.png",0,1,"tri",120,-120,"tri0.png",0,1,"tri",-120,120,"sqa0.png",0,1,"sqa",0,-120,"tri0.png",0,1,"tri",-120,0,"tri0.png",0,1,"tri",-120,-120,"tri0.png",1,"tri",120,120,"left","right",2212,2512,4,1696680071863,"p3sarrshacol4.png","sarrshacol","new"
3320,NA,2,0,1,5,3,4,0,0,0,19,59,79,"07-09-23","12:03:00","i58hvn",1982,"cir1.png",1,1,"cir",-120,0,"tri4.png",4,1,"tri",0,-120,"sqa1.png",1,1,"sqa",120,0,"tri4.png",4,1,"tri",-120,120,"sqa4.png",4,1,"sqa",0,0,"tri0.png",1,"tri",-120,-120,"left","left",741,1018,1,1696672996142,"p3sarrshacol4.png","sarrshacol","new"
3321,0,0,3,0,5,2,0,4,0,0,19,59,79,"07-09-23","12:03:00","i58hvn",1982,"tri0.png",4,0,"tri",0,0,"cir6.png",6,1,"cir",120,0,"cir6.png",6,1,"cir",120,-120,"sqa4.png",4,1,"sqa",0,120,"tri5.png",5,1,"tri",0,0,"tri0.png",1,"tri",-120,-120,"left","left",741,1018,2,1696672996142,"p3sarrshacol4.png","sarrshacol","new"
3322,2,3,4,5,0,0,0,0,0,0,19,59,79,"07-09-23","12:03:00","i58hvn",1982,"cir0.png",0,0,"cir",-120,120,"tri5.png",5,1,"tri",-120,-120,"sqa2.png",2,1,"sqa",0,-120,"sqa4.png",4,1,"sqa",120,-120,"cir2.png",2,1,"cir",-120,0,"tri0.png",1,"tri",-120,-120,"left","left",741,1018,3,1696672996142,"p3sarrshacol4.png","sarrshacol","new"
3323,0,5,0,2,3,4,0,0,0,0,19,59,79,"07-09-23","12:03:00","i58hvn",1982,"tri0.png",1,0,"tri",-120,-120,"sqa4.png",4,1,"sqa",-120,0,"sqa3.png",3,1,"sqa",0,0,"cir5.png",5,1,"cir",120,0,"tri5.png",5,1,"tri",0,-120,"tri0.png",1,"tri",-120,-120,"left","left",741,1018,4,1696672996142,"p3sarrshacol4.png","sarrshacol","new"
3465,0,2,3,0,5,4,0,1,0,0,19,59,79,"06-09-23","14:07:28","mrhaac",768,"sqa1.png",1,1,"sqa",0,120,"sqa1.png",1,1,"sqa",0,-120,"tri3.png",3,1,"tri",120,-120,"tri3.png",3,1,"tri",120,0,"cir4.png",4,1,"cir",0,0,"",NA,"",NA,NA,"right","left",2210,2232,1,1696594062164,"p3sarrshacol4.png","sarrshacol","new"
3466,0,4,5,0,3,0,2,1,0,0,19,59,79,"06-09-23","14:07:28","mrhaac",768,"sqa0.png",0,1,"sqa",0,120,"tri0.png",0,1,"tri",-120,120,"cir0.png",0,1,"cir",0,0,"sqa0.png",0,1,"sqa",0,-120,"sqa0.png",0,1,"sqa",120,-120,"",NA,"",NA,NA,"right","left",2210,2232,2,1696594062164,"p3sarrshacol4.png","sarrshacol","new"
3467,0,3,4,0,0,0,2,5,0,0,19,59,79,"06-09-23","14:07:28","mrhaac",768,"cir0.png",0,0,"cir",0,120,"tri0.png",0,1,"tri",-120,120,"sqa0.png",1,1,"sqa",0,-120,"sqa0.png",0,1,"sqa",120,-120,"sqa0.png",1,1,"sqa",0,120,"",NA,"",NA,NA,"right","left",2210,2232,3,1696594062164,"p3sarrshacol4.png","sarrshacol","new"
3468,4,0,5,0,3,0,1,0,2,0,19,59,79,"06-09-23","14:07:28","mrhaac",768,"cir0.png",0,1,"cir",-120,120,"cir0.png",0,1,"cir",120,120,"cir0.png",0,1,"cir",0,0,"cir0.png",0,1,"cir",-120,-120,"cir0.png",0,1,"cir",120,-120,"",NA,"",NA,NA,"right","left",2210,2232,4,1696594062164,"p3sarrshacol4.png","sarrshacol","new"
3610,0,0,0,0,4,3,5,2,1,0,19,59,79,"06-09-23","11:02:31","mioi5k",1750,"tri3.png",3,1,"tri",120,120,"sqa5.png",5,1,"sqa",0,120,"tri3.png",3,1,"tri",120,0,"sqa4.png",4,1,"sqa",0,0,"cir6.png",6,1,"cir",-120,120,"",NA,"",NA,NA,"right","left",1499,1250,1,1696582959560,"p3sarrshacol4.png","sarrshacol","new"
3611,0,0,0,4,1,5,3,2,NA,0,19,59,79,"06-09-23","11:02:31","mioi5k",1750,"tri5.png",5,1,"tri",0,0,"sqa4.png",4,1,"sqa",0,120,"sqa4.png",4,1,"sqa",-120,120,"tri5.png",5,1,"tri",-120,0,"cir4.png",4,1,"cir",120,0,"cir0.png",1,"cir",120,120,"right","left",1499,1250,2,1696582959560,"p3sarrshacol4.png","sarrshacol","new"
3612,0,0,4,1,0,2,5,3,0,0,19,59,79,"06-09-23","11:02:31","mioi5k",1750,"cir6.png",6,1,"cir",-120,0,"sqa1.png",1,1,"sqa",120,0,"sqa4.png",4,1,"sqa",0,120,"tri2.png",2,1,"tri",120,-120,"tri1.png",1,1,"tri",-120,120,"cir0.png",1,"cir",120,120,"right","left",1499,1250,3,1696582959560,"p3sarrshacol4.png","sarrshacol","new"
3613,0,0,4,2,5,1,3,0,0,0,19,59,79,"06-09-23","11:02:31","mioi5k",1750,"tri4.png",4,1,"tri",120,0,"cir2.png",2,1,"cir",-120,0,"cir1.png",1,1,"cir",-120,120,"tri5.png",5,1,"tri",120,-120,"sqa4.png",4,1,"sqa",0,0,"cir0.png",1,"cir",120,120,"right","left",1499,1250,4,1696582959560,"p3sarrshacol4.png","sarrshacol","new"
3755,0,2,1,0,4,5,0,3,0,0,19,59,79,"05-09-23","12:01:34","n6hy56",1555,"tri5.png",5,1,"tri",120,-120,"tri3.png",3,1,"tri",0,-120,"sqa3.png",3,1,"sqa",0,120,"cir1.png",1,1,"cir",0,0,"tri5.png",5,1,"tri",120,0,"",NA,"",NA,NA,"right","left",1343,1445,1,1696500100862,"p3sarrshacol4.png","sarrshacol","new"
3756,5,2,0,4,1,3,0,0,0,0,19,59,79,"05-09-23","12:01:34","n6hy56",1555,"tri6.png",6,1,"tri",0,0,"tri6.png",6,1,"tri",0,-120,"cir1.png",1,1,"cir",120,0,"sqa3.png",3,1,"sqa",-120,0,"sqa3.png",3,1,"sqa",-120,-120,"",NA,"",NA,NA,"right","left",1343,1445,2,1696500100862,"p3sarrshacol4.png","sarrshacol","new"
3757,0,4,1,2,5,3,0,0,0,0,19,59,79,"05-09-23","12:01:34","n6hy56",1555,"tri1.png",1,1,"tri",120,-120,"sqa4.png",4,1,"sqa",-120,0,"cir6.png",6,1,"cir",120,0,"sqa5.png",5,1,"sqa",0,-120,"tri4.png",4,1,"tri",0,0,"",NA,"",NA,NA,"right","left",1343,1445,3,1696500100862,"p3sarrshacol4.png","sarrshacol","new"
3758,0,2,1,4,0,5,3,0,0,0,19,59,79,"05-09-23","12:01:34","n6hy56",1555,"sqa4.png",4,1,"sqa",120,-120,"tri2.png",2,1,"tri",0,-120,"cir6.png",6,1,"cir",-120,120,"tri4.png",4,1,"tri",-120,0,"sqa4.png",4,1,"sqa",120,0,"",NA,"",NA,NA,"right","left",1343,1445,4,1696500100862,"p3sarrshacol4.png","sarrshacol","new"
3900,0,3,1,0,0,2,5,0,4,0,19,59,79,"05-09-23","11:42:58","etqbog",2035,"sqa1.png",1,1,"sqa",120,-120,"cir0.png",0,1,"cir",120,0,"sqa0.png",0,1,"sqa",0,-120,"cir0.png",0,1,"cir",120,120,"tri0.png",0,1,"tri",-120,120,"",NA,"",NA,NA,"left","right",942,965,1,1696498986745,"p3sarrshacol4.png","sarrshacol","new"
3901,0,0,0,5,2,4,1,3,NA,0,19,59,79,"05-09-23","11:42:58","etqbog",2035,"sqa0.png",1,1,"sqa",-120,120,"tri5.png",5,1,"tri",0,0,"cir0.png",4,1,"cir",0,120,"cir1.png",1,1,"cir",120,0,"sqa5.png",5,1,"sqa",-120,0,"sqa0.png",1,"sqa",120,120,"left","right",942,965,2,1696498986745,"p3sarrshacol4.png","sarrshacol","new"
3902,3,2,4,5,NA,1,0,NA,NA,0,19,59,79,"05-09-23","11:42:58","etqbog",2035,"tri1.png",1,1,"tri",120,0,"cir4.png",4,1,"cir",0,-120,"cir2.png",2,1,"cir",-120,-120,"sqa6.png",6,1,"sqa",120,-120,"sqa3.png",3,1,"sqa",-120,0,"tri0.png",1,"tri",120,120,"left","right",942,965,3,1696498986745,"p3sarrshacol4.png","sarrshacol","new"
3903,0,5,1,0,NA,4,3,NA,2,0,19,59,79,"05-09-23","11:42:58","etqbog",2035,"sqa4.png",4,1,"sqa",120,-120,"cir4.png",4,1,"cir",120,120,"tri6.png",6,1,"tri",-120,120,"cir4.png",4,1,"cir",120,0,"sqa1.png",1,1,"sqa",0,-120,"tri0.png",1,"tri",0,120,"left","right",942,965,4,1696498986745,"p3sarrshacol4.png","sarrshacol","new"
4045,5,4,0,1,2,0,3,0,0,0,19,59,79,"04-09-23","19:02:58","hfky35",306,"cir5.png",5,1,"cir",-120,0,"tri3.png",3,1,"tri",0,0,"sqa1.png",1,1,"sqa",-120,120,"tri3.png",3,1,"tri",0,-120,"tri1.png",1,1,"tri",-120,-120,"",NA,"",NA,NA,"right","right",1817,2694,1,1696438977175,"p3sarrshacol4.png","sarrshacol","new"
4046,0,0,0,2,4,0,5,1,3,0,19,59,79,"04-09-23","19:02:58","hfky35",306,"sqa5.png",5,1,"sqa",0,120,"cir3.png",3,1,"cir",-120,0,"tri2.png",2,1,"tri",120,120,"sqa3.png",3,1,"sqa",0,0,"cir1.png",1,1,"cir",-120,120,"",NA,"",NA,NA,"right","right",1817,2694,2,1696438977175,"p3sarrshacol4.png","sarrshacol","new"
4047,0,3,4,5,0,2,1,0,0,0,19,59,79,"04-09-23","19:02:58","hfky35",306,"sqa5.png",5,1,"sqa",-120,120,"tri4.png",4,1,"tri",120,0,"sqa1.png",1,1,"sqa",0,-120,"sqa4.png",4,1,"sqa",120,-120,"cir2.png",2,1,"cir",-120,0,"",NA,"",NA,NA,"right","right",1817,2694,3,1696438977175,"p3sarrshacol4.png","sarrshacol","new"
4048,0,4,3,1,5,0,0,2,0,0,19,59,79,"04-09-23","19:02:58","hfky35",306,"sqa0.png",0,1,"sqa",-120,0,"tri0.png",0,1,"tri",0,120,"sqa0.png",0,1,"sqa",120,-120,"sqa0.png",0,1,"sqa",0,-120,"cir0.png",0,1,"cir",0,0,"",NA,"",NA,NA,"right","right",1817,2694,4,1696438977175,"p3sarrshacol4.png","sarrshacol","new"
4190,1,4,NA,2,5,3,0,0,0,0,19,59,79,"03-09-23","18:47:19","jy4ypn",2353,"cir1.png",1,1,"cir",-120,-120,"cir6.png",6,1,"cir",-120,0,"sqa3.png",3,1,"sqa",120,0,"tri5.png",5,1,"tri",0,-120,"sqa3.png",3,1,"sqa",0,0,"tri0.png",1,"tri",120,-120,"right","left",1106,647,1,1696351659066,"p3sarrshacol4.png","sarrshacol","new"
4191,0,1,5,2,0,3,4,0,0,0,19,59,79,"03-09-23","18:47:19","jy4ypn",2353,"cir4.png",4,1,"cir",0,-120,"cir5.png",5,1,"cir",-120,0,"tri4.png",4,1,"tri",120,0,"tri6.png",6,1,"tri",-120,120,"sqa2.png",2,1,"sqa",120,-120,"tri0.png",1,"tri",120,-120,"right","left",1106,647,2,1696351659066,"p3sarrshacol4.png","sarrshacol","new"
4192,0,1,2,0,3,4,0,5,0,0,19,59,79,"03-09-23","18:47:19","jy4ypn",2353,"cir2.png",2,1,"cir",0,-120,"sqa3.png",3,1,"sqa",120,-120,"cir5.png",5,1,"cir",0,0,"sqa3.png",3,1,"sqa",120,0,"tri4.png",4,1,"tri",0,120,"tri0.png",1,"tri",120,-120,"right","left",1106,647,3,1696351659066,"p3sarrshacol4.png","sarrshacol","new"
4193,0,4,3,0,2,5,0,1,0,0,19,59,79,"03-09-23","18:47:19","jy4ypn",2353,"cir6.png",6,1,"cir",0,120,"sqa2.png",2,1,"sqa",0,0,"tri4.png",4,1,"tri",120,-120,"sqa1.png",1,1,"sqa",0,-120,"tri4.png",4,1,"tri",120,0,"tri0.png",1,"tri",120,-120,"right","left",1106,647,4,1696351659066,"p3sarrshacol4.png","sarrshacol","new"
4335,0,2,4,0,3,1,0,5,0,0,19,59,79,"03-09-23","18:35:31","h2va9e",2119,"tri5.png",5,1,"tri",120,0,"cir1.png",1,1,"cir",0,-120,"sqa2.png",2,1,"sqa",0,0,"tri5.png",5,1,"tri",120,-120,"cir3.png",3,1,"cir",0,120,"",NA,"",NA,NA,"right","right",751,881,1,1696351013993,"p3sarrshacol4.png","sarrshacol","new"
4336,5,0,0,2,1,4,3,0,0,0,19,59,79,"03-09-23","18:35:31","h2va9e",2119,"cir3.png",3,1,"cir",0,0,"sqa1.png",1,1,"sqa",-120,0,"cir3.png",3,1,"cir",-120,120,"sqa4.png",4,1,"sqa",120,0,"tri1.png",1,1,"tri",-120,-120,"",NA,"",NA,NA,"right","right",751,881,2,1696351013993,"p3sarrshacol4.png","sarrshacol","new"
4337,0,3,4,5,2,0,1,0,0,0,19,59,79,"03-09-23","18:35:31","h2va9e",2119,"sqa6.png",6,1,"sqa",-120,120,"cir1.png",1,1,"cir",0,0,"tri5.png",5,1,"tri",0,-120,"tri5.png",5,1,"tri",120,-120,"sqa2.png",2,1,"sqa",-120,0,"",NA,"",NA,NA,"right","right",751,881,3,1696351013993,"p3sarrshacol4.png","sarrshacol","new"
4338,0,0,3,5,2,4,0,1,0,0,19,59,79,"03-09-23","18:35:31","h2va9e",2119,"sqa5.png",5,1,"sqa",0,120,"tri3.png",3,1,"tri",0,0,"tri2.png",2,1,"tri",120,-120,"tri3.png",3,1,"tri",120,0,"cir5.png",5,1,"cir",-120,0,"",NA,"",NA,NA,"right","right",751,881,4,1696351013993,"p3sarrshacol4.png","sarrshacol","new"
4481,0,3,0,0,4,1,0,5,2,0,19,59,79,"31-04-23","13:05:50","xt888o",2009,"cir0.png",0,1,"cir",120,0,"cir0.png",0,1,"cir",120,120,"tri0.png",0,1,"tri",0,-120,"sqa0.png",0,1,"sqa",0,0,"sqa0.png",0,1,"sqa",0,120,"",NA,"",NA,NA,"left","right",1874,991,1,1685531208331,"p3sarrshacol4.png","sarrshacol","new"
4482,3,0,0,4,2,0,1,5,0,0,19,59,79,"31-04-23","13:05:50","xt888o",2009,"sqa0.png",0,1,"sqa",-120,120,"tri0.png",0,1,"tri",0,0,"cir0.png",0,1,"cir",-120,-120,"sqa0.png",0,1,"sqa",-120,0,"cir0.png",0,1,"cir",0,120,"",NA,"",NA,NA,"left","right",1874,991,2,1685531208331,"p3sarrshacol4.png","sarrshacol","new"
4483,3,4,0,5,1,0,0,2,0,0,19,59,79,"31-04-23","13:05:50","xt888o",2009,"sqa0.png",0,1,"sqa",0,0,"cir0.png",0,1,"cir",0,120,"tri0.png",0,1,"tri",-120,-120,"tri0.png",0,1,"tri",0,-120,"sqa0.png",0,1,"sqa",-120,0,"",NA,"",NA,NA,"left","right",1874,991,3,1685531208331,"p3sarrshacol4.png","sarrshacol","new"
4484,0,0,0,1,4,5,2,0,3,0,19,59,79,"31-04-23","13:05:50","xt888o",2009,"tri0.png",0,1,"tri",-120,0,"tri0.png",0,1,"tri",-120,120,"cir0.png",0,1,"cir",120,120,"cir0.png",0,1,"cir",0,0,"sqa0.png",0,1,"sqa",120,0,"",NA,"",NA,NA,"left","right",1874,991,4,1685531208331,"p3sarrshacol4.png","sarrshacol","new"
4912,0,5,4,3,0,1,2,0,0,0,19,59,79,"25-04-23","19:53:40","bto5xt",1721,"tri1.png",1,1,"tri",120,0,"tri6.png",6,1,"tri",-120,120,"cir2.png",2,1,"cir",-120,0,"sqa4.png",4,1,"sqa",120,-120,"sqa4.png",4,1,"sqa",0,-120,"",NA,"",NA,NA,"right","down",495,1279,1,1685037259501,"p3sarrshacol4.png","sarrshacol","new"
4913,3,5,0,1,2,4,0,0,0,0,19,59,79,"25-04-23","19:53:40","bto5xt",1721,"cir1.png",1,1,"cir",-120,0,"sqa3.png",3,1,"sqa",0,0,"cir6.png",6,1,"cir",-120,-120,"tri2.png",2,1,"tri",120,0,"sqa6.png",6,1,"sqa",0,-120,"",NA,"",NA,NA,"right","down",495,1279,2,1685037259501,"p3sarrshacol4.png","sarrshacol","new"
4914,1,4,0,5,3,0,2,0,0,0,19,59,79,"25-04-23","19:53:40","bto5xt",1721,"sqa1.png",1,1,"sqa",-120,-120,"sqa1.png",1,1,"sqa",-120,120,"tri3.png",3,1,"tri",0,0,"tri3.png",3,1,"tri",0,-120,"cir5.png",5,1,"cir",-120,0,"",NA,"",NA,NA,"right","down",495,1279,3,1685037259501,"p3sarrshacol4.png","sarrshacol","new"
4915,4,5,0,1,3,0,2,0,0,0,19,59,79,"25-04-23","19:53:40","bto5xt",1721,"cir2.png",2,1,"cir",-120,0,"sqa1.png",1,1,"sqa",-120,120,"tri2.png",2,1,"tri",0,0,"sqa1.png",1,1,"sqa",-120,-120,"tri3.png",3,1,"tri",0,-120,"",NA,"",NA,NA,"right","down",495,1279,4,1685037259501,"p3sarrshacol4.png","sarrshacol","new"
5057,5,1,2,4,0,0,3,0,0,0,19,59,79,"23-04-23","20:35:58","c5nh2b",1751,"cir3.png",3,1,"cir",0,-120,"cir3.png",3,1,"cir",120,-120,"sqa1.png",1,1,"sqa",-120,120,"tri4.png",4,1,"tri",-120,0,"sqa1.png",1,1,"sqa",-120,-120,"",NA,"",NA,NA,"None","right",3004,1249,1,1684867050447,"p3sarrshacol4.png","sarrshacol","new"
5058,0,2,4,5,3,1,0,0,0,0,19,59,79,"23-04-23","20:35:58","c5nh2b",1751,"sqa1.png",1,1,"sqa",120,0,"cir5.png",5,1,"cir",0,-120,"tri4.png",4,1,"tri",0,0,"sqa1.png",1,1,"sqa",120,-120,"cir5.png",5,1,"cir",-120,0,"",NA,"",NA,NA,"None","right",3004,1249,2,1684867050447,"p3sarrshacol4.png","sarrshacol","new"
5059,NA,5,0,2,1,3,0,4,0,0,19,59,79,"23-04-23","20:35:58","c5nh2b",1751,"tri0.png",0,1,"tri",0,0,"tri0.png",0,1,"tri",-120,0,"tri0.png",0,1,"tri",120,0,"tri0.png",0,1,"tri",0,120,"tri0.png",0,1,"tri",0,-120,"tri0.png",1,"tri",-120,-120,"None","right",3004,1249,3,1684867050447,"p3sarrshacol4.png","sarrshacol","new"
5060,NA,4,NA,1,5,2,0,3,0,0,19,59,79,"23-04-23","20:35:58","c5nh2b",1751,"cir0.png",0,1,"cir",-120,0,"cir0.png",0,1,"cir",120,0,"cir0.png",0,1,"cir",0,120,"cir0.png",0,1,"cir",0,-120,"cir0.png",0,1,"cir",0,0,"tri0.png",1,"tri",-120,-120,"None","right",3004,1249,4,1684867050447,"p3sarrshacol4.png","sarrshacol","new"
5202,3,1,2,0,5,0,4,0,0,0,19,59,79,"22-04-23","20:16:16","u9erui",961,"sqa5.png",5,1,"sqa",0,-120,"tri4.png",4,1,"tri",120,-120,"cir2.png",2,1,"cir",-120,-120,"cir1.png",1,1,"cir",-120,120,"sqa6.png",6,1,"sqa",0,0,"",NA,"",NA,NA,"left","left",1317,2039,1,1684779446524,"p3sarrshacol4.png","sarrshacol","new"
5203,4,1,2,5,3,0,0,0,0,0,19,59,79,"22-04-23","20:16:16","u9erui",961,"tri1.png",1,1,"tri",0,-120,"cir5.png",5,1,"cir",120,-120,"sqa6.png",6,1,"sqa",0,0,"tri2.png",2,1,"tri",-120,-120,"sqa6.png",6,1,"sqa",-120,0,"",NA,"",NA,NA,"left","left",1317,2039,2,1684779446524,"p3sarrshacol4.png","sarrshacol","new"
5204,1,5,0,4,2,0,3,0,0,0,19,59,79,"22-04-23","20:16:16","u9erui",961,"sqa2.png",2,1,"sqa",-120,-120,"cir6.png",6,1,"cir",0,0,"sqa1.png",1,1,"sqa",-120,120,"sqa2.png",2,1,"sqa",-120,0,"cir4.png",4,1,"cir",0,-120,"",NA,"",NA,NA,"left","left",1317,2039,3,1684779446524,"p3sarrshacol4.png","sarrshacol","new"
5205,0,3,2,5,4,0,0,1,0,0,19,59,79,"22-04-23","20:16:16","u9erui",961,"sqa5.png",5,1,"sqa",0,120,"tri4.png",4,1,"tri",120,-120,"cir1.png",1,1,"cir",0,-120,"sqa6.png",6,1,"sqa",0,0,"sqa2.png",2,1,"sqa",-120,0,"",NA,"",NA,NA,"left","left",1317,2039,4,1684779446524,"p3sarrshacol4.png","sarrshacol","new"
5488,0,3,4,5,0,2,1,0,0,0,19,59,79,"18-04-23","08:37:04","fvw6d3",1952,"tri6.png",6,1,"tri",-120,120,"tri4.png",4,1,"tri",120,0,"sqa1.png",1,1,"sqa",0,-120,"sqa4.png",4,1,"sqa",120,-120,"cir4.png",4,1,"cir",-120,0,"",NA,"",NA,NA,"left","left",682,1048,1,1684391836056,"p3sarrshacol4.png","sarrshacol","new"
5489,1,4,0,2,3,5,0,0,0,0,19,59,79,"18-04-23","08:37:04","fvw6d3",1952,"cir3.png",3,1,"cir",-120,-120,"cir6.png",6,1,"cir",-120,0,"sqa6.png",6,1,"sqa",0,0,"sqa5.png",5,1,"sqa",0,-120,"tri4.png",4,1,"tri",120,0,"",NA,"",NA,NA,"left","left",682,1048,2,1684391836056,"p3sarrshacol4.png","sarrshacol","new"
5490,0,1,2,0,3,4,5,0,0,0,19,59,79,"18-04-23","08:37:04","fvw6d3",1952,"sqa0.png",0,1,"sqa",0,-120,"sqa0.png",0,1,"sqa",120,-120,"tri0.png",0,1,"tri",0,0,"sqa0.png",0,1,"sqa",120,0,"tri0.png",0,1,"tri",-120,120,"",NA,"",NA,NA,"left","left",682,1048,3,1684391836056,"p3sarrshacol4.png","sarrshacol","new"
5491,0,4,5,2,1,3,0,0,0,0,19,59,79,"18-04-23","08:37:04","fvw6d3",1952,"cir0.png",0,1,"cir",0,0,"sqa0.png",0,1,"sqa",-120,0,"tri0.png",0,1,"tri",120,0,"sqa0.png",0,1,"sqa",0,-120,"cir0.png",0,1,"cir",120,-120,"tri0.png",1,"tri",120,0,"left","left",682,1048,4,1684391836056,"p3sarrshacol4.png","sarrshacol","new"
5633,2,3,0,4,5,1,0,0,0,0,19,59,79,"17-04-23","16:31:43","wgonkv",1819,"cir1.png",1,1,"cir",120,0,"cir3.png",3,1,"cir",-120,-120,"tri4.png",4,1,"tri",0,-120,"sqa4.png",4,1,"sqa",-120,0,"sqa5.png",5,1,"sqa",0,0,"",NA,"",NA,NA,"right","left",1407,1181,1,1684333914557,"p3sarrshacol4.png","sarrshacol","new"
5634,5,1,2,NA,3,NA,NA,4,NA,0,19,59,79,"17-04-23","16:31:43","wgonkv",1819,"tri3.png",3,1,"tri",0,-120,"cir1.png",1,1,"cir",120,-120,"cir4.png",4,1,"cir",0,0,"tri4.png",4,1,"tri",0,120,"sqa6.png",6,1,"sqa",-120,-120,"sqa0.png",1,"sqa",-120,0,"right","left",1407,1181,2,1684333914557,"p3sarrshacol4.png","sarrshacol","new"
5635,NA,1,4,3,NA,5,2,NA,NA,0,19,59,79,"17-04-23","16:31:43","wgonkv",1819,"tri1.png",1,1,"tri",0,-120,"tri4.png",4,1,"tri",-120,120,"cir6.png",6,1,"cir",-120,0,"sqa3.png",3,1,"sqa",120,-120,"tri4.png",4,1,"tri",120,0,"tri0.png",1,"tri",120,120,"right","left",1407,1181,3,1684333914557,"p3sarrshacol4.png","sarrshacol","new"
5636,1,4,0,3,NA,2,NA,5,0,0,19,59,79,"17-04-23","16:31:43","wgonkv",1819,"tri4.png",4,1,"tri",-120,-120,"sqa2.png",2,1,"sqa",120,0,"cir6.png",6,1,"cir",-120,0,"tri3.png",3,1,"tri",0,-120,"tri1.png",1,1,"tri",0,120,"cir0.png",1,"cir",0,0,"right","left",1407,1181,4,1684333914557,"p3sarrshacol4.png","sarrshacol","new"
5778,3,5,0,1,4,2,0,0,0,0,19,59,79,"05-04-23","14:06:50","ewdsfr",2955,"sqa0.png",0,1,"sqa",-120,0,"cir0.png",0,1,"cir",120,0,"sqa0.png",0,1,"sqa",-120,-120,"tri0.png",0,1,"tri",0,0,"sqa0.png",0,1,"sqa",0,-120,"",NA,"",NA,NA,"right","right",32,45,1,1683288463765,"p3sarrshacol4.png","sarrshacol","new"
5779,0,4,2,3,0,5,1,0,0,0,19,59,79,"05-04-23","14:06:50","ewdsfr",2955,"tri0.png",0,1,"tri",-120,120,"sqa0.png",0,1,"sqa",120,-120,"cir0.png",0,1,"cir",-120,0,"sqa0.png",0,1,"sqa",0,-120,"tri0.png",0,1,"tri",120,0,"",NA,"",NA,NA,"right","right",32,45,2,1683288463765,"p3sarrshacol4.png","sarrshacol","new"
5780,0,0,0,1,2,0,3,5,4,0,19,59,79,"05-04-23","14:06:50","ewdsfr",2955,"sqa0.png",0,1,"sqa",-120,0,"cir0.png",0,1,"cir",0,0,"sqa0.png",0,1,"sqa",-120,120,"tri0.png",0,1,"tri",120,120,"sqa0.png",0,1,"sqa",0,120,"",NA,"",NA,NA,"right","right",32,45,3,1683288463765,"p3sarrshacol4.png","sarrshacol","new"
5781,0,0,3,0,2,1,0,5,4,0,19,59,79,"05-04-23","14:06:50","ewdsfr",2955,"sqa0.png",0,1,"sqa",120,0,"sqa0.png",0,1,"sqa",0,0,"tri0.png",0,1,"tri",120,-120,"cir0.png",0,1,"cir",120,120,"tri0.png",0,1,"tri",0,120,"",NA,"",NA,NA,"right","right",32,45,4,1683288463765,"p3sarrshacol4.png","sarrshacol","new"
6064,0,4,1,2,0,3,5,0,0,0,19,59,79,"03-04-23","19:10:36","jl0uq8",2089,"cir1.png",1,1,"cir",120,-120,"cir4.png",4,1,"cir",-120,0,"tri4.png",4,1,"tri",120,0,"sqa4.png",4,1,"sqa",0,-120,"tri6.png",6,1,"tri",-120,120,"",NA,"",NA,NA,"left","right",1019,911,1,1683133850366,"p3sarrshacol4.png","sarrshacol","new"
6065,1,5,0,2,4,0,0,0,0,0,19,59,79,"03-04-23","19:10:36","jl0uq8",2089,"cir1.png",1,1,"cir",-120,-120,"tri6.png",6,1,"tri",-120,0,"sqa3.png",3,0,"sqa",120,0,"sqa2.png",2,1,"sqa",0,0,"sqa3.png",3,1,"sqa",0,-120,"",NA,"",NA,NA,"left","right",1019,911,2,1683133850366,"p3sarrshacol4.png","sarrshacol","new"
6066,0,4,5,3,2,1,0,0,0,0,19,59,79,"03-04-23","19:10:36","jl0uq8",2089,"tri3.png",3,1,"tri",120,0,"cir4.png",4,1,"cir",0,0,"sqa5.png",5,1,"sqa",-120,0,"sqa5.png",5,1,"sqa",0,-120,"cir4.png",4,1,"cir",120,-120,"",NA,"",NA,NA,"left","right",1019,911,3,1683133850366,"p3sarrshacol4.png","sarrshacol","new"
6067,0,1,0,2,5,4,0,0,0,0,19,59,79,"03-04-23","19:10:36","jl0uq8",2089,"sqa4.png",4,1,"sqa",0,-120,"cir2.png",2,1,"cir",-120,0,"cir0.png",0,0,"cir",120,120,"sqa6.png",6,1,"sqa",120,0,"tri4.png",4,1,"tri",0,0,"",NA,"",NA,NA,"left","right",1019,911,4,1683133850366,"p3sarrshacol4.png","sarrshacol","new"
6209,0,4,3,1,0,5,2,0,0,0,19,59,79,"02-04-23","20:09:49","gesw69",970,"sqa3.png",3,1,"sqa",-120,0,"sqa2.png",2,1,"sqa",-120,120,"sqa1.png",1,1,"sqa",120,-120,"sqa4.png",4,1,"sqa",0,-120,"cir2.png",2,1,"cir",120,0,"",NA,"",NA,NA,"right","right",616,2030,1,1683051042912,"p3sarrshacol4.png","sarrshacol","new"
6210,4,3,0,5,2,1,0,0,0,0,19,59,79,"02-04-23","20:09:49","gesw69",970,"sqa2.png",2,1,"sqa",120,0,"sqa6.png",6,1,"sqa",0,0,"sqa3.png",3,1,"sqa",0,-120,"tri3.png",3,1,"tri",-120,-120,"tri6.png",6,1,"tri",-120,0,"",NA,"",NA,NA,"right","right",616,2030,2,1683051042912,"p3sarrshacol4.png","sarrshacol","new"
6211,0,NA,2,5,3,1,4,NA,0,0,19,59,79,"02-04-23","20:09:49","gesw69",970,"tri2.png",2,1,"tri",120,0,"cir6.png",6,1,"cir",120,-120,"tri4.png",4,1,"tri",0,0,"sqa5.png",5,1,"sqa",-120,120,"sqa3.png",3,1,"sqa",-120,0,"cir0.png",1,"cir",0,120,"right","right",616,2030,3,1683051042912,"p3sarrshacol4.png","sarrshacol","new"
6212,0,3,5,2,0,1,4,0,0,0,19,59,79,"02-04-23","20:09:49","gesw69",970,"sqa2.png",2,1,"sqa",120,0,"cir4.png",4,1,"cir",-120,0,"sqa6.png",6,1,"sqa",0,-120,"tri6.png",6,1,"tri",-120,120,"tri3.png",3,1,"tri",120,-120,"cir0.png",1,"cir",0,120,"right","right",616,2030,4,1683051042912,"p3sarrshacol4.png","sarrshacol","new"
6354,3,5,0,4,1,2,0,0,0,0,19,59,79,"28-03-23","16:34:55","iqhdm0",1114,"sqa6.png",6,1,"sqa",0,0,"tri3.png",3,1,"tri",120,0,"cir3.png",3,1,"cir",-120,-120,"cir6.png",6,1,"cir",-120,0,"sqa2.png",2,1,"sqa",0,-120,"",NA,"",NA,NA,"right","left",603,1886,1,1682692562182,"p3sarrshacol4.png","sarrshacol","new"
6355,0,2,1,4,0,5,3,0,0,0,19,59,79,"28-03-23","16:34:55","iqhdm0",1114,"sqa4.png",4,1,"sqa",120,-120,"sqa1.png",1,1,"sqa",0,-120,"tri4.png",4,1,"tri",-120,120,"cir6.png",6,1,"cir",-120,0,"tri4.png",4,1,"tri",120,0,"",NA,"",NA,NA,"right","left",603,1886,2,1682692562182,"p3sarrshacol4.png","sarrshacol","new"
6356,0,0,1,5,4,2,3,0,0,0,19,59,79,"28-03-23","16:34:55","iqhdm0",1114,"cir0.png",0,1,"cir",120,-120,"cir0.png",0,1,"cir",120,0,"tri0.png",0,1,"tri",-120,120,"cir0.png",0,1,"cir",0,0,"sqa0.png",0,1,"sqa",-120,0,"",NA,"",NA,NA,"right","left",603,1886,3,1682692562182,"p3sarrshacol4.png","sarrshacol","new"
6357,5,1,4,NA,3,2,0,0,0,0,19,59,79,"28-03-23","16:34:55","iqhdm0",1114,"sqa0.png",0,1,"sqa",0,-120,"sqa0.png",0,1,"sqa",120,0,"sqa0.png",0,1,"sqa",0,0,"sqa0.png",0,1,"sqa",120,-120,"sqa0.png",0,1,"sqa",-120,-120,"sqa0.png",1,"sqa",-120,0,"right","left",603,1886,4,1682692562182,"p3sarrshacol4.png","sarrshacol","new"
6499,0,0,0,0,3,0,0,0,0,0,19,59,79,"28-03-23","09:33:55","bnbq2z",2077,"cir0.png",0,0,"cir",0,0,"cir0.png",0,0,"cir",-120,0,"sqa0.png",5,1,"sqa",0,0,"cir1.png",1,0,"cir",-120,-120,"cir6.png",6,0,"cir",120,120,"",NA,"",NA,NA,"left","left",968,923,1,1682667274202,"p3sarrshacol4.png","sarrshacol","new"
6500,0,4,0,0,1,2,5,0,3,0,19,59,79,"28-03-23","09:33:55","bnbq2z",2077,"sqa4.png",4,1,"sqa",0,0,"cir6.png",6,1,"cir",120,0,"cir1.png",1,1,"cir",120,120,"tri5.png",5,1,"tri",0,-120,"cir0.png",0,1,"cir",-120,120,"",NA,"",NA,NA,"left","left",968,923,2,1682667274202,"p3sarrshacol4.png","sarrshacol","new"
6501,0,1,3,2,5,4,0,0,0,0,19,59,79,"28-03-23","09:33:55","bnbq2z",2077,"tri0.png",0,1,"tri",0,-120,"sqa0.png",0,1,"sqa",-120,0,"sqa0.png",0,1,"sqa",120,-120,"tri0.png",0,1,"tri",120,0,"sqa0.png",0,1,"sqa",0,0,"",NA,"",NA,NA,"left","left",968,923,3,1682667274202,"p3sarrshacol4.png","sarrshacol","new"
6502,0,5,0,3,0,4,0,1,2,0,19,59,79,"28-03-23","09:33:55","bnbq2z",2077,"sqa0.png",0,1,"sqa",0,120,"cir0.png",0,1,"cir",120,120,"tri0.png",0,1,"tri",-120,0,"sqa0.png",0,1,"sqa",120,0,"tri0.png",0,1,"tri",0,-120,"",NA,"",NA,NA,"left","left",968,923,4,1682667274202,"p3sarrshacol4.png","sarrshacol","new"
6644,3,5,0,1,4,2,0,0,0,0,19,59,79,"27-03-23","18:49:21","c2oyi6",1332,"cir3.png",3,1,"cir",-120,0,"tri6.png",6,1,"tri",120,0,"cir1.png",1,1,"cir",-120,-120,"sqa3.png",3,1,"sqa",0,0,"sqa4.png",4,1,"sqa",0,-120,"",NA,"",NA,NA,"right","left",889,1668,1,1682614215955,"p3sarrshacol4.png","sarrshacol","new"
6645,1,2,0,5,3,0,4,0,0,0,19,59,79,"27-03-23","18:49:21","c2oyi6",1332,"tri1.png",1,1,"tri",-120,-120,"tri3.png",3,1,"tri",0,-120,"tri3.png",3,1,"tri",0,0,"sqa1.png",1,1,"sqa",-120,120,"cir5.png",5,1,"cir",-120,0,"",NA,"",NA,NA,"right","left",889,1668,2,1682614215955,"p3sarrshacol4.png","sarrshacol","new"
6646,0,5,3,2,0,4,1,0,0,0,19,59,79,"27-03-23","18:49:21","c2oyi6",1332,"cir4.png",4,1,"cir",-120,120,"tri4.png",4,1,"tri",-120,0,"sqa4.png",4,1,"sqa",120,-120,"tri6.png",6,1,"tri",120,0,"sqa1.png",1,1,"sqa",0,-120,"",NA,"",NA,NA,"right","left",889,1668,3,1682614215955,"p3sarrshacol4.png","sarrshacol","new"
6647,NA,3,1,2,5,4,0,0,0,0,19,59,79,"27-03-23","18:49:21","c2oyi6",1332,"sqa4.png",4,1,"sqa",120,-120,"cir4.png",4,1,"cir",-120,0,"cir4.png",4,1,"cir",0,-120,"tri6.png",6,1,"tri",120,0,"sqa5.png",5,1,"sqa",0,0,"cir0.png",1,"cir",120,-120,"right","left",889,1668,4,1682614215955,"p3sarrshacol4.png","sarrshacol","new"
6789,0,1,4,3,2,5,0,0,0,0,19,59,79,"27-03-23","14:18:23","bb93kz",2296,"sqa0.png",0,1,"sqa",0,-120,"tri0.png",0,1,"tri",0,0,"cir0.png",0,1,"cir",-120,0,"tri0.png",0,1,"tri",120,-120,"tri0.png",0,1,"tri",120,0,"",NA,"",NA,NA,"left","left",977,704,1,1682597917090,"p3sarrshacol4.png","sarrshacol","new"
6790,1,3,0,2,4,5,0,0,0,0,19,59,79,"27-03-23","14:18:23","bb93kz",2296,"tri3.png",3,1,"tri",-120,-120,"tri6.png",6,1,"tri",-120,0,"sqa3.png",3,1,"sqa",0,-120,"sqa1.png",1,1,"sqa",0,0,"cir2.png",2,1,"cir",120,0,"",NA,"",NA,NA,"left","left",977,704,2,1682597917090,"p3sarrshacol4.png","sarrshacol","new"
6791,4,1,0,5,0,3,2,0,0,0,19,59,79,"27-03-23","14:18:23","bb93kz",2296,"sqa3.png",3,1,"sqa",0,-120,"tri1.png",1,1,"tri",-120,120,"tri4.png",4,1,"tri",120,0,"sqa2.png",2,1,"sqa",-120,-120,"cir5.png",5,1,"cir",-120,0,"",NA,"",NA,NA,"left","left",977,704,3,1682597917090,"p3sarrshacol4.png","sarrshacol","new"
6792,2,3,0,5,4,1,0,0,0,0,19,59,79,"27-03-23","14:18:23","bb93kz",2296,"cir4.png",4,1,"cir",120,0,"sqa3.png",3,1,"sqa",-120,-120,"sqa6.png",6,1,"sqa",0,-120,"sqa3.png",3,1,"sqa",0,0,"tri1.png",1,1,"tri",-120,0,"",NA,"",NA,NA,"left","left",977,704,4,1682597917090,"p3sarrshacol4.png","sarrshacol","new"
6934,3,0,5,0,1,4,2,0,0,0,19,59,79,"27-03-23","14:01:08","byp0c8",1265,"sqa4.png",4,1,"sqa",0,0,"tri5.png",5,1,"tri",-120,120,"sqa5.png",5,1,"sqa",-120,-120,"tri1.png",1,1,"tri",120,0,"cir6.png",6,1,"cir",120,-120,"",NA,"",NA,NA,"left","left",2509,1735,1,1682596898062,"p3sarrshacol4.png","sarrshacol","new"
6935,0,1,5,2,0,3,4,0,0,0,19,59,79,"27-03-23","14:01:08","byp0c8",1265,"tri1.png",1,1,"tri",0,-120,"sqa4.png",4,1,"sqa",-120,0,"tri4.png",4,1,"tri",120,0,"cir6.png",6,1,"cir",-120,120,"sqa4.png",4,1,"sqa",120,-120,"",NA,"",NA,NA,"left","left",2509,1735,2,1682596898062,"p3sarrshacol4.png","sarrshacol","new"
6936,4,0,0,3,1,0,5,2,0,0,19,59,79,"27-03-23","14:01:08","byp0c8",1265,"tri2.png",2,1,"tri",0,0,"tri4.png",4,1,"tri",0,120,"cir5.png",5,1,"cir",-120,0,"tri1.png",1,1,"tri",-120,-120,"sqa1.png",1,1,"sqa",-120,120,"",NA,"",NA,NA,"left","left",2509,1735,3,1682596898062,"p3sarrshacol4.png","sarrshacol","new"
6937,2,1,0,3,5,4,0,0,0,0,19,59,79,"27-03-23","14:01:08","byp0c8",1265,"sqa1.png",1,1,"sqa",0,-120,"cir1.png",1,1,"cir",-120,-120,"cir6.png",6,1,"cir",-120,0,"tri5.png",5,1,"tri",120,0,"sqa2.png",2,1,"sqa",0,0,"",NA,"",NA,NA,"left","left",2509,1735,4,1682596898062,"p3sarrshacol4.png","sarrshacol","new"
7079,0,3,4,0,5,2,0,0,1,0,19,59,79,"27-03-23","10:31:06","inhod3",3000,"tri0.png",0,1,"tri",120,120,"sqa0.png",0,1,"sqa",120,0,"sqa0.png",0,1,"sqa",0,-120,"tri0.png",0,1,"tri",120,-120,"sqa0.png",0,1,"sqa",0,0,"",NA,"",NA,NA,"left","left",1239,0,1,1682584276380,"p3sarrshacol4.png","sarrshacol","new"
7080,3,5,4,1,NA,2,0,0,0,0,19,59,79,"27-03-23","10:31:06","inhod3",3000,"cir2.png",2,1,"cir",-120,0,"tri5.png",5,1,"tri",120,0,"tri3.png",3,1,"tri",-120,-120,"sqa1.png",1,1,"sqa",120,-120,"sqa3.png",3,1,"sqa",0,-120,"sqa0.png",1,"sqa",0,0,"left","left",1239,0,2,1682584276380,"p3sarrshacol4.png","sarrshacol","new"
7081,2,5,4,3,NA,1,0,0,NA,0,19,59,79,"27-03-23","10:31:06","inhod3",3000,"cir2.png",2,1,"cir",120,0,"sqa4.png",4,1,"sqa",-120,-120,"sqa5.png",5,1,"sqa",-120,0,"tri3.png",3,1,"tri",120,-120,"sqa5.png",5,1,"sqa",0,-120,"cir0.png",1,"cir",0,0,"left","left",1239,0,3,1682584276380,"p3sarrshacol4.png","sarrshacol","new"
7082,2,5,4,3,1,NA,0,0,0,0,19,59,79,"27-03-23","10:31:06","inhod3",3000,"sqa2.png",2,1,"sqa",0,0,"tri1.png",1,1,"tri",-120,-120,"sqa2.png",2,1,"sqa",-120,0,"cir3.png",3,1,"cir",120,-120,"tri4.png",4,1,"tri",0,-120,"cir0.png",1,"cir",120,0,"left","left",1239,0,4,1682584276380,"p3sarrshacol4.png","sarrshacol","new"
7224,0,0,5,4,1,2,3,0,0,0,19,59,79,"26-03-23","17:08:49","a74d3k",1868,"sqa0.png",0,1,"sqa",0,0,"sqa0.png",0,1,"sqa",120,0,"cir0.png",0,1,"cir",-120,120,"tri0.png",0,1,"tri",-120,0,"cir0.png",0,1,"cir",120,-120,"",NA,"",NA,NA,"right","right",922,1132,1,1682521814244,"p3sarrshacol4.png","sarrshacol","new"
7225,5,0,4,3,1,2,0,NA,0,0,19,59,79,"26-03-23","17:08:49","a74d3k",1868,"cir0.png",0,1,"cir",0,0,"tri0.png",0,1,"tri",120,0,"cir0.png",0,1,"cir",-120,0,"sqa0.png",0,1,"sqa",120,-120,"tri0.png",0,1,"tri",-120,-120,"sqa0.png",1,"sqa",0,120,"right","right",922,1132,2,1682521814244,"p3sarrshacol4.png","sarrshacol","new"
7226,1,0,0,5,2,4,0,0,3,0,19,59,79,"26-03-23","17:08:49","a74d3k",1868,"sqa0.png",0,1,"sqa",-120,-120,"tri0.png",0,1,"tri",0,0,"cir0.png",0,1,"cir",120,120,"cir0.png",0,1,"cir",120,0,"sqa0.png",0,1,"sqa",-120,0,"sqa0.png",1,"sqa",0,120,"right","right",922,1132,3,1682521814244,"p3sarrshacol4.png","sarrshacol","new"
7227,1,0,0,5,3,2,4,0,0,0,19,59,79,"26-03-23","17:08:49","a74d3k",1868,"sqa0.png",0,1,"sqa",-120,-120,"cir0.png",0,1,"cir",120,0,"tri0.png",0,1,"tri",0,0,"cir0.png",0,1,"cir",-120,120,"tri0.png",0,1,"tri",-120,0,"sqa0.png",1,"sqa",0,120,"right","right",922,1132,4,1682521814244,"p3sarrshacol4.png","sarrshacol","new"
7652,0,3,4,0,5,1,0,2,0,0,19,59,79,"24-03-23","22:15:52","svlnk1",1126,"tri3.png",3,1,"tri",120,0,"tri5.png",5,1,"tri",0,120,"tri5.png",5,1,"tri",0,-120,"tri3.png",3,1,"tri",120,-120,"cir1.png",1,1,"cir",0,0,"",NA,"",NA,NA,"right","left",1043,1874,1,1682367364757,"p3sarrshacol4.png","sarrshacol","new"
7653,0,0,0,2,5,0,4,1,3,0,19,59,79,"24-03-23","22:15:52","svlnk1",1126,"sqa5.png",5,1,"sqa",0,120,"cir1.png",1,1,"cir",-120,0,"tri2.png",2,1,"tri",120,120,"cir6.png",6,1,"cir",-120,120,"sqa4.png",4,1,"sqa",0,0,"",NA,"",NA,NA,"right","left",1043,1874,2,1682367364757,"p3sarrshacol4.png","sarrshacol","new"
7654,NA,NA,0,0,2,3,1,4,0,0,19,59,79,"24-03-23","22:15:52","svlnk1",1126,"sqa4.png",4,1,"sqa",-120,120,"sqa4.png",4,1,"sqa",0,0,"cir5.png",5,1,"cir",120,0,"cir6.png",6,1,"cir",0,120,"sqa0.png",3,0,"sqa",120,-120,"sqa0.png",1,"sqa",-120,-120,"right","left",1043,1874,3,1682367364757,"p3sarrshacol4.png","sarrshacol","new"
7655,0,4,2,1,0,5,3,0,0,0,19,59,79,"24-03-23","22:15:52","svlnk1",1126,"cir3.png",3,1,"cir",-120,0,"sqa4.png",4,1,"sqa",120,-120,"tri6.png",6,1,"tri",-120,120,"sqa1.png",1,1,"sqa",0,-120,"tri4.png",4,1,"tri",120,0,"sqa0.png",1,"sqa",-120,-120,"right","left",1043,1874,4,1682367364757,"p3sarrshacol4.png","sarrshacol","new"
