"","X","cell1","cell2","cell3","cell4","cell5","cell6","cell7","cell8","cell9","count_famrecall","count_prestudy_sequence","count_study_response","count_test_response","date_startdate","date_starttime","multichar_knowresp","p2dur","plc1","plc1c","plc1s","plc1sh","plc1x","plc1y","plc2","plc2c","plc2s","plc2sh","plc2x","plc2y","plc3","plc3c","plc3s","plc3sh","plc3x","plc3y","plc4","plc4c","plc4s","plc4sh","plc4x","plc4y","plc5","plc5c","plc5s","plc5sh","plc5x","plc5y","plcundefined","plcundefineds","plcundefinedsh","plcundefinedx","plcundefinedy","response_study_response","response_test_response","response_time_study_response","response_time_test_response","rtnr","sessionid","stim","type","tq"
"1",142,3,5,2,1,4,0,0,0,0,0,19,59,79,"17-10-23","13:30:52","nkmjus",1381,"sqa5.png",5,1,"sqa",-120,0,"tri3.png",3,1,"tri",120,-120,"sqa4.png",4,1,"sqa",-120,-120,"cir3.png",3,1,"cir",0,0,"tri4.png",4,1,"tri",0,-120,"",NA,"",NA,NA,"right","left",1046,1619,1,1700224293955,"p3sarrshacol4.png","sarrshacol","new"
"2",143,0,3,0,1,5,2,4,0,0,0,19,59,79,"17-10-23","13:30:52","nkmjus",1381,"sqa5.png",5,1,"sqa",-120,0,"tri4.png",4,1,"tri",120,0,"tri4.png",4,1,"tri",0,-120,"sqa2.png",2,1,"sqa",-120,120,"cir1.png",1,1,"cir",0,0,"",NA,"",NA,NA,"right","left",1046,1619,2,1700224293955,"p3sarrshacol4.png","sarrshacol","new"
"3",144,0,0,0,3,1,2,4,5,0,0,19,59,79,"17-10-23","13:30:52","nkmjus",1381,"tri3.png",3,1,"tri",0,0,"sqa1.png",1,1,"sqa",120,0,"cir5.png",5,1,"cir",-120,0,"sqa4.png",4,1,"sqa",-120,120,"tri3.png",3,1,"tri",0,120,"",NA,"",NA,NA,"right","left",1046,1619,3,1700224293955,"p3sarrshacol4.png","sarrshacol","new"
"4",145,3,0,0,5,1,4,0,0,2,0,19,59,79,"17-10-23","13:30:52","nkmjus",1381,"tri5.png",5,1,"tri",0,0,"cir4.png",4,1,"cir",120,120,"tri4.png",4,1,"tri",-120,-120,"cir3.png",3,1,"cir",120,0,"sqa3.png",3,1,"sqa",-120,0,"",NA,"",NA,NA,"right","left",1046,1619,4,1700224293955,"p3sarrshacol4.png","sarrshacol","new"
"5",287,0,2,4,5,1,3,NA,0,0,0,19,59,79,"09-10-23","17:58:11","",728,"sqa2.png",2,1,"sqa",0,0,"tri1.png",1,1,"tri",0,-120,"sqa3.png",3,1,"sqa",120,0,"tri2.png",2,1,"tri",120,-120,"cir4.png",4,1,"cir",-120,0,"tri0.png",1,"tri",-120,120,"left","left",1209,2272,1,1699549119628,"p3sarrshacol4.png","sarrshacol","new"
"6",288,0,2,5,4,0,NA,3,0,1,0,19,59,79,"09-10-23","17:58:11","",728,"sqa1.png",1,1,"sqa",120,120,"sqa3.png",3,1,"sqa",0,-120,"tri6.png",6,1,"tri",-120,120,"cir4.png",4,1,"cir",-120,0,"sqa3.png",3,1,"sqa",120,-120,"sqa0.png",1,"sqa",120,0,"left","left",1209,2272,2,1699549119628,"p3sarrshacol4.png","sarrshacol","new"
"7",289,0,1,2,3,4,0,0,5,0,0,19,59,79,"09-10-23","17:58:11","",728,"sqa1.png",1,1,"sqa",0,-120,"sqa3.png",3,1,"sqa",120,-120,"tri2.png",2,1,"tri",-120,0,"sqa1.png",1,1,"sqa",0,0,"cir5.png",5,1,"cir",0,120,"sqa0.png",1,"sqa",120,0,"left","left",1209,2272,3,1699549119628,"p3sarrshacol4.png","sarrshacol","new"
"8",290,3,0,2,1,0,5,0,4,0,0,19,59,79,"09-10-23","17:58:11","",728,"sqa1.png",1,1,"sqa",-120,0,"sqa3.png",3,1,"sqa",120,-120,"sqa1.png",1,1,"sqa",-120,-120,"cir5.png",5,1,"cir",0,120,"sqa3.png",3,1,"sqa",120,0,"sqa0.png",1,"sqa",120,0,"left","left",1209,2272,4,1699549119628,"p3sarrshacol4.png","sarrshacol","new"
"9",432,5,1,4,2,0,3,0,0,0,0,19,59,79,"28-09-23","10:03:31","hfpvcf",1801,"cir0.png",0,1,"cir",0,-120,"sqa0.png",0,1,"sqa",-120,0,"tri0.png",0,1,"tri",120,0,"sqa0.png",0,1,"sqa",120,-120,"cir0.png",0,1,"cir",-120,-120,"",NA,"",NA,NA,"right","left",1104,1199,1,1698480254443,"p3sarrshacol4.png","sarrshacol","new"
"10",433,0,0,2,3,5,4,1,0,0,0,19,59,79,"28-09-23","10:03:31","hfpvcf",1801,"tri0.png",0,1,"tri",-120,120,"tri0.png",0,1,"tri",120,-120,"sqa0.png",0,1,"sqa",-120,0,"tri0.png",0,1,"tri",120,0,"cir0.png",0,1,"cir",0,0,"",NA,"",NA,NA,"right","left",1104,1199,2,1698480254443,"p3sarrshacol4.png","sarrshacol","new"
"11",434,4,5,3,1,0,2,0,0,0,0,19,59,79,"28-09-23","10:03:31","hfpvcf",1801,"cir0.png",0,1,"cir",-120,0,"sqa0.png",0,1,"sqa",120,0,"sqa0.png",0,1,"sqa",120,-120,"cir0.png",0,1,"cir",-120,-120,"tri0.png",0,1,"tri",0,-120,"",NA,"",NA,NA,"right","left",1104,1199,3,1698480254443,"p3sarrshacol4.png","sarrshacol","new"
"12",435,0,0,4,2,1,3,5,0,0,0,19,59,79,"28-09-23","10:03:31","hfpvcf",1801,"sqa0.png",0,1,"sqa",0,0,"tri0.png",0,1,"tri",-120,0,"tri0.png",0,1,"tri",120,0,"sqa0.png",0,1,"sqa",120,-120,"cir0.png",0,1,"cir",-120,120,"",NA,"",NA,NA,"right","left",1104,1199,4,1698480254443,"p3sarrshacol4.png","sarrshacol","new"
"13",718,3,1,0,2,4,5,0,0,0,0,19,59,79,"15-09-23","17:36:02","fxhvbj",2170,"sqa3.png",3,1,"sqa",0,-120,"cir6.png",6,1,"cir",-120,0,"cir1.png",1,1,"cir",-120,-120,"sqa6.png",6,1,"sqa",0,0,"tri5.png",5,1,"tri",120,0,"",NA,"",NA,NA,"None","left",3016,830,1,1697384194844,"p3sarrshacol4.png","sarrshacol","new"
"14",719,4,3,0,2,5,0,1,0,0,0,19,59,79,"15-09-23","17:36:02","fxhvbj",2170,"sqa1.png",1,1,"sqa",-120,120,"cir5.png",5,1,"cir",-120,0,"tri3.png",3,1,"tri",0,-120,"tri1.png",1,1,"tri",-120,-120,"tri3.png",3,1,"tri",0,0,"sqa0.png",1,"sqa",-120,120,"None","left",3016,830,2,1697384194844,"p3sarrshacol4.png","sarrshacol","new"
"15",720,0,3,5,4,0,1,2,0,0,0,19,59,79,"15-09-23","17:36:02","fxhvbj",2170,"tri3.png",3,1,"tri",120,0,"tri6.png",6,1,"tri",-120,120,"sqa1.png",1,1,"sqa",0,-120,"cir3.png",3,1,"cir",-120,0,"sqa4.png",4,1,"sqa",120,-120,"sqa0.png",1,"sqa",-120,120,"None","left",3016,830,3,1697384194844,"p3sarrshacol4.png","sarrshacol","new"
"16",721,3,5,2,0,0,4,0,0,1,0,19,59,79,"15-09-23","17:36:02","fxhvbj",2170,"tri3.png",3,1,"tri",120,120,"sqa2.png",2,1,"sqa",120,-120,"cir2.png",2,1,"cir",-120,-120,"sqa2.png",2,1,"sqa",120,0,"cir3.png",3,1,"cir",0,-120,"sqa0.png",1,"sqa",-120,120,"None","left",3016,830,4,1697384194844,"p3sarrshacol4.png","sarrshacol","new"
"17",863,0,4,1,3,5,0,0,0,0,0,19,59,79,"14-09-23","21:47:16","npoc7u",1578,"sqa4.png",4,1,"sqa",120,-120,"tri0.png",0,0,"tri",120,120,"sqa5.png",5,1,"sqa",-120,0,"tri2.png",2,1,"tri",0,-120,"cir5.png",5,1,"cir",0,0,"",NA,"",NA,NA,"right","right",1337,1422,1,1697312888154,"p3sarrshacol4.png","sarrshacol","new"
"18",864,4,3,1,2,0,5,0,0,0,0,19,59,79,"14-09-23","21:47:16","npoc7u",1578,"cir4.png",4,1,"cir",120,-120,"tri1.png",1,1,"tri",-120,0,"sqa4.png",4,1,"sqa",0,-120,"cir6.png",6,1,"cir",-120,-120,"sqa2.png",2,1,"sqa",120,0,"",NA,"",NA,NA,"right","right",1337,1422,2,1697312888154,"p3sarrshacol4.png","sarrshacol","new"
"19",865,0,2,4,5,3,1,0,0,0,0,19,59,79,"14-09-23","21:47:16","npoc7u",1578,"cir2.png",2,1,"cir",120,0,"tri6.png",6,1,"tri",0,-120,"cir4.png",4,1,"cir",0,0,"tri1.png",1,1,"tri",120,-120,"sqa4.png",4,1,"sqa",-120,0,"",NA,"",NA,NA,"right","right",1337,1422,3,1697312888154,"p3sarrshacol4.png","sarrshacol","new"
"20",866,4,0,1,3,2,0,0,0,0,0,19,59,79,"14-09-23","21:47:16","npoc7u",1578,"sqa4.png",4,1,"sqa",120,-120,"tri5.png",5,1,"tri",0,0,"cir1.png",1,1,"cir",-120,0,"cir6.png",6,1,"cir",-120,-120,"cir1.png",1,0,"cir",120,0,"tri0.png",1,"tri",120,-120,"right","right",1337,1422,4,1697312888154,"p3sarrshacol4.png","sarrshacol","new"
"21",1008,0,1,5,0,3,2,0,4,0,0,19,59,79,"14-09-23","10:47:51","vkifa",1248,"tri0.png",0,1,"tri",0,-120,"tri0.png",0,1,"tri",120,0,"cir0.png",0,1,"cir",0,0,"sqa0.png",0,1,"sqa",0,120,"tri0.png",0,1,"tri",120,-120,"",NA,"",NA,NA,"right","right",797,1752,1,1697273365270,"p3sarrshacol4.png","sarrshacol","new"
"22",1009,0,2,3,5,1,4,0,0,0,0,19,59,79,"14-09-23","10:47:51","vkifa",1248,"cir0.png",0,1,"cir",0,0,"sqa0.png",0,1,"sqa",0,-120,"sqa0.png",0,1,"sqa",120,-120,"tri0.png",0,1,"tri",120,0,"sqa0.png",0,1,"sqa",-120,0,"",NA,"",NA,NA,"right","right",797,1752,2,1697273365270,"p3sarrshacol4.png","sarrshacol","new"
"23",1010,0,0,4,0,5,1,0,3,2,0,19,59,79,"14-09-23","10:47:51","vkifa",1248,"tri0.png",0,1,"tri",120,0,"sqa0.png",0,1,"sqa",120,120,"tri0.png",0,1,"tri",0,120,"sqa0.png",0,1,"sqa",120,-120,"cir0.png",0,1,"cir",0,0,"",NA,"",NA,NA,"right","right",797,1752,3,1697273365270,"p3sarrshacol4.png","sarrshacol","new"
"24",1011,0,0,0,1,2,0,4,3,5,0,19,59,79,"14-09-23","10:47:51","vkifa",1248,"cir0.png",0,1,"cir",-120,0,"sqa0.png",0,1,"sqa",0,0,"sqa0.png",0,1,"sqa",0,120,"cir0.png",0,1,"cir",-120,120,"tri0.png",0,1,"tri",120,120,"",NA,"",NA,NA,"right","right",797,1752,4,1697273365270,"p3sarrshacol4.png","sarrshacol","new"
"25",1153,NA,0,0,2,5,3,0,0,NA,0,19,59,79,"13-09-23","19:47:46","lw9b5u",1667,"sqa0.png",1,0,"sqa",120,-120,"sqa0.png",6,1,"sqa",-120,0,"tri5.png",5,1,"tri",120,0,"sqa0.png",5,0,"sqa",0,-120,"tri1.png",1,1,"tri",0,0,"sqa0.png",1,"sqa",120,120,"left","left",662,1333,1,1697219311451,"p3sarrshacol4.png","sarrshacol","new"
"26",1154,0,0,NA,0,3,1,4,2,5,0,19,59,79,"13-09-23","19:47:46","lw9b5u",1667,"tri5.png",5,1,"tri",120,0,"cir6.png",6,1,"cir",0,120,"sqa5.png",5,1,"sqa",0,0,"sqa4.png",4,1,"sqa",-120,120,"tri6.png",6,1,"tri",120,120,"cir0.png",1,"cir",120,-120,"left","left",662,1333,2,1697219311451,"p3sarrshacol4.png","sarrshacol","new"
"27",1155,5,NA,1,4,NA,2,0,3,NA,0,19,59,79,"13-09-23","19:47:46","lw9b5u",1667,"tri0.png",5,1,"tri",120,-120,"cir0.png",3,1,"cir",120,0,"sqa2.png",2,1,"sqa",0,120,"cir3.png",3,1,"cir",-120,0,"tri0.png",5,1,"tri",-120,-120,"cir0.png",1,"cir",120,120,"left","left",662,1333,3,1697219311451,"p3sarrshacol4.png","sarrshacol","new"
"28",1156,0,5,1,0,4,2,NA,3,NA,0,19,59,79,"13-09-23","19:47:46","lw9b5u",1667,"sqa1.png",1,1,"sqa",120,-120,"tri1.png",1,1,"tri",120,0,"cir4.png",4,1,"cir",0,120,"cir2.png",2,1,"cir",0,0,"sqa6.png",6,1,"sqa",0,-120,"cir0.png",1,"cir",120,120,"left","left",662,1333,4,1697219311451,"p3sarrshacol4.png","sarrshacol","new"
"29",1298,0,2,4,1,5,3,0,0,NA,0,19,59,79,"13-09-23","13:12:34","t49t9d",417,"sqa0.png",0,1,"sqa",-120,0,"cir0.png",0,1,"cir",0,-120,"tri0.png",0,1,"tri",120,0,"cir0.png",0,1,"cir",120,-120,"tri0.png",0,1,"tri",0,0,"tri0.png",1,"tri",120,120,"right","right",593,2583,1,1697195573405,"p3sarrshacol4.png","sarrshacol","new"
"30",1299,0,2,1,4,5,3,0,0,0,0,19,59,79,"13-09-23","13:12:34","t49t9d",417,"tri0.png",0,1,"tri",120,-120,"sqa0.png",0,1,"sqa",0,-120,"sqa0.png",0,1,"sqa",120,0,"sqa0.png",0,1,"sqa",-120,0,"cir0.png",0,1,"cir",0,0,"tri0.png",1,"tri",120,120,"right","right",593,2583,2,1697195573405,"p3sarrshacol4.png","sarrshacol","new"
"31",1300,5,4,0,3,1,2,0,0,0,0,19,59,79,"13-09-23","13:12:34","t49t9d",417,"sqa0.png",0,1,"sqa",0,0,"cir0.png",0,1,"cir",120,0,"sqa0.png",0,1,"sqa",-120,0,"tri0.png",0,1,"tri",0,-120,"tri0.png",0,1,"tri",-120,-120,"tri0.png",1,"tri",120,120,"right","right",593,2583,3,1697195573405,"p3sarrshacol4.png","sarrshacol","new"
"32",1301,0,5,3,4,1,2,0,0,0,0,19,59,79,"13-09-23","13:12:34","t49t9d",417,"cir0.png",0,1,"cir",0,0,"tri0.png",0,1,"tri",120,0,"sqa0.png",0,1,"sqa",120,-120,"sqa0.png",0,1,"sqa",-120,0,"sqa0.png",0,1,"sqa",0,-120,"tri0.png",1,"tri",120,120,"right","right",593,2583,4,1697195573405,"p3sarrshacol4.png","sarrshacol","new"
"33",1443,0,2,1,5,0,3,4,0,0,0,19,59,79,"12-09-23","11:46:08","by5ti8",2080,"sqa4.png",4,1,"sqa",120,-120,"sqa5.png",5,1,"sqa",0,-120,"sqa3.png",3,1,"sqa",120,0,"cir1.png",1,1,"cir",-120,120,"tri4.png",4,1,"tri",-120,0,"",NA,"",NA,NA,"right","left",1330,920,1,1697104040029,"p3sarrshacol4.png","sarrshacol","new"
"34",1444,4,1,0,5,0,3,0,0,2,0,19,59,79,"12-09-23","11:46:08","by5ti8",2080,"cir4.png",4,1,"cir",0,-120,"tri5.png",5,1,"tri",120,120,"tri1.png",1,1,"tri",120,0,"sqa6.png",6,1,"sqa",-120,-120,"sqa3.png",3,1,"sqa",-120,0,"",NA,"",NA,NA,"right","left",1330,920,2,1697104040029,"p3sarrshacol4.png","sarrshacol","new"
"35",1445,5,3,1,4,0,0,2,0,0,0,19,59,79,"12-09-23","11:46:08","by5ti8",2080,"sqa1.png",1,1,"sqa",120,-120,"sqa3.png",3,1,"sqa",-120,120,"sqa5.png",5,1,"sqa",0,-120,"cir1.png",1,1,"cir",-120,0,"tri4.png",4,1,"tri",-120,-120,"cir0.png",1,"cir",-120,0,"right","left",1330,920,3,1697104040029,"p3sarrshacol4.png","sarrshacol","new"
"36",1446,2,5,0,4,1,3,0,0,0,0,19,59,79,"12-09-23","11:46:08","by5ti8",2080,"sqa3.png",3,1,"sqa",0,0,"tri6.png",6,1,"tri",-120,-120,"cir4.png",4,1,"cir",120,0,"tri1.png",1,1,"tri",-120,0,"sqa4.png",4,1,"sqa",0,-120,"cir0.png",1,"cir",-120,0,"right","left",1330,920,4,1697104040029,"p3sarrshacol4.png","sarrshacol","new"
"37",1588,0,1,5,0,4,2,0,3,0,0,19,59,79,"10-09-23","12:07:50","furmxy",1888,"tri1.png",1,1,"tri",0,-120,"tri3.png",3,1,"tri",120,0,"sqa1.png",1,1,"sqa",0,120,"cir5.png",5,1,"cir",0,0,"tri3.png",3,1,"tri",120,-120,"",NA,"",NA,NA,"right","left",905,1112,1,1696932523087,"p3sarrshacol4.png","sarrshacol","new"
"38",1589,4,2,0,3,5,1,0,0,0,0,19,59,79,"10-09-23","12:07:50","furmxy",1888,"tri3.png",3,1,"tri",120,0,"cir4.png",4,1,"cir",0,-120,"sqa2.png",2,1,"sqa",-120,0,"tri6.png",6,1,"tri",-120,-120,"sqa2.png",2,1,"sqa",0,0,"",NA,"",NA,NA,"right","left",905,1112,2,1696932523087,"p3sarrshacol4.png","sarrshacol","new"
"39",1590,0,4,2,1,0,5,3,0,0,0,19,59,79,"10-09-23","12:07:50","furmxy",1888,"cir4.png",4,1,"cir",-120,0,"sqa4.png",4,1,"sqa",120,-120,"tri1.png",1,1,"tri",-120,120,"cir6.png",6,1,"cir",0,-120,"tri4.png",4,1,"tri",120,0,"",NA,"",NA,NA,"right","left",905,1112,3,1696932523087,"p3sarrshacol4.png","sarrshacol","new"
"40",1591,0,4,3,5,2,1,0,0,0,0,19,59,79,"10-09-23","12:07:50","furmxy",1888,"sqa1.png",1,1,"sqa",120,0,"sqa4.png",4,1,"sqa",0,0,"tri2.png",2,1,"tri",120,-120,"cir3.png",3,1,"cir",0,-120,"tri4.png",4,1,"tri",-120,0,"",NA,"",NA,NA,"right","left",905,1112,4,1696932523087,"p3sarrshacol4.png","sarrshacol","new"
"41",1733,0,0,0,0,0,0,0,0,0,0,19,59,79,"08-09-23","12:42:26","b8b36q",808,"cir0.png",0,0,"cir",0,0,"cir0.png",0,0,"cir",0,0,"cir0.png",0,0,"cir",0,0,"cir0.png",0,0,"cir",0,0,"cir0.png",0,0,"cir",0,0,"",NA,"",NA,NA,"right","down",1225,2192,1,1696761797176,"p3sarrshacol4.png","sarrshacol","new"
"42",1734,0,3,2,0,5,4,0,1,0,0,19,59,79,"08-09-23","12:42:26","b8b36q",808,"sqa0.png",0,1,"sqa",0,120,"tri3.png",3,1,"tri",120,-120,"tri5.png",5,1,"tri",0,-120,"tri1.png",1,1,"tri",120,0,"cir0.png",4,1,"cir",0,0,"",NA,"",NA,NA,"right","down",1225,2192,2,1696761797176,"p3sarrshacol4.png","sarrshacol","new"
"43",1735,4,3,0,1,5,2,0,0,0,0,19,59,79,"08-09-23","12:42:26","b8b36q",808,"cir1.png",1,1,"cir",-120,0,"tri2.png",2,1,"tri",120,0,"sqa6.png",6,1,"sqa",0,-120,"cir5.png",5,1,"cir",-120,-120,"sqa4.png",4,1,"sqa",0,0,"",NA,"",NA,NA,"right","down",1225,2192,3,1696761797176,"p3sarrshacol4.png","sarrshacol","new"
"44",1736,0,3,4,5,2,1,0,0,0,0,19,59,79,"08-09-23","12:42:26","b8b36q",808,"tri1.png",1,1,"tri",120,0,"cir6.png",6,1,"cir",0,0,"sqa5.png",5,1,"sqa",0,-120,"cir4.png",4,1,"cir",120,-120,"sqa2.png",2,1,"sqa",-120,0,"",NA,"",NA,NA,"right","down",1225,2192,4,1696761797176,"p3sarrshacol4.png","sarrshacol","new"
"45",2019,0,5,1,4,0,2,3,0,0,0,19,59,79,"07-09-23","10:39:18","ixi976",1894,"sqa5.png",5,1,"sqa",120,-120,"cir4.png",4,1,"cir",120,0,"tri4.png",4,1,"tri",-120,120,"cir6.png",6,1,"cir",-120,0,"cir4.png",4,1,"cir",0,-120,"",NA,"",NA,NA,"right","left",1557,1106,1,1696668033499,"p3sarrshacol4.png","sarrshacol","new"
"46",2020,5,1,0,4,2,3,0,0,0,0,19,59,79,"07-09-23","10:39:18","ixi976",1894,"sqa3.png",3,1,"sqa",0,-120,"sqa6.png",6,1,"sqa",0,0,"tri2.png",2,1,"tri",120,0,"cir6.png",6,1,"cir",-120,0,"cir1.png",1,1,"cir",-120,-120,"",NA,"",NA,NA,"right","left",1557,1106,2,1696668033499,"p3sarrshacol4.png","sarrshacol","new"
"47",2021,0,5,2,3,4,1,0,0,0,0,19,59,79,"07-09-23","10:39:18","ixi976",1894,"sqa5.png",5,1,"sqa",120,0,"cir4.png",4,1,"cir",120,-120,"cir4.png",4,1,"cir",-120,0,"tri1.png",1,1,"tri",0,0,"sqa5.png",5,1,"sqa",0,-120,"",NA,"",NA,NA,"right","left",1557,1106,3,1696668033499,"p3sarrshacol4.png","sarrshacol","new"
"48",2022,0,3,5,0,2,1,0,0,4,0,19,59,79,"07-09-23","10:39:18","ixi976",1894,"tri1.png",1,1,"tri",120,0,"cir5.png",5,1,"cir",0,0,"tri1.png",1,1,"tri",0,-120,"cir5.png",5,1,"cir",120,120,"sqa4.png",4,1,"sqa",120,-120,"",NA,"",NA,NA,"right","left",1557,1106,4,1696668033499,"p3sarrshacol4.png","sarrshacol","new"
"49",2164,0,2,3,1,0,5,4,0,0,0,19,59,79,"06-09-23","16:04:05","oz63kn",2192,"cir4.png",4,1,"cir",-120,0,"sqa1.png",1,1,"sqa",0,-120,"sqa4.png",4,1,"sqa",120,-120,"tri6.png",6,1,"tri",-120,120,"tri5.png",5,1,"tri",120,0,"",NA,"",NA,NA,"None","left",3001,808,1,1696601053340,"p3sarrshacol4.png","sarrshacol","new"
"50",2165,1,5,0,3,4,2,0,0,0,0,19,59,79,"06-09-23","16:04:05","oz63kn",2192,"cir1.png",1,1,"cir",-120,-120,"sqa2.png",2,1,"sqa",120,0,"cir6.png",6,1,"cir",-120,0,"sqa5.png",5,1,"sqa",0,0,"tri3.png",3,1,"tri",0,-120,"",NA,"",NA,NA,"None","left",3001,808,2,1696601053340,"p3sarrshacol4.png","sarrshacol","new"
"51",2166,0,0,0,0,4,3,2,5,1,0,19,59,79,"06-09-23","16:04:05","oz63kn",2192,"tri1.png",1,1,"tri",120,120,"sqa4.png",4,1,"sqa",-120,120,"tri6.png",6,1,"tri",120,0,"sqa2.png",2,1,"sqa",0,0,"cir5.png",5,1,"cir",0,120,"",NA,"",NA,NA,"None","left",3001,808,3,1696601053340,"p3sarrshacol4.png","sarrshacol","new"
"52",2167,3,2,0,5,1,0,4,0,0,0,19,59,79,"06-09-23","16:04:05","oz63kn",2192,"tri3.png",3,1,"tri",0,0,"tri3.png",3,1,"tri",0,-120,"sqa4.png",4,1,"sqa",-120,-120,"sqa1.png",1,1,"sqa",-120,120,"cir5.png",5,1,"cir",-120,0,"",NA,"",NA,NA,"None","left",3001,808,4,1696601053340,"p3sarrshacol4.png","sarrshacol","new"
"53",2309,0,2,3,1,5,4,0,0,0,0,19,59,79,"06-09-23","14:29:07","ptoup8",2055,"tri3.png",3,1,"tri",-120,0,"sqa1.png",1,1,"sqa",0,-120,"tri5.png",5,1,"tri",120,-120,"cir1.png",1,1,"cir",120,0,"sqa4.png",4,1,"sqa",0,0,"",NA,"",NA,NA,"left","right",1533,945,1,1696595435480,"p3sarrshacol4.png","sarrshacol","new"
"54",2310,0,5,1,2,3,4,0,0,0,0,19,59,79,"06-09-23","14:29:07","ptoup8",2055,"sqa1.png",1,1,"sqa",120,-120,"cir4.png",4,1,"cir",-120,0,"sqa1.png",1,1,"sqa",0,0,"tri3.png",3,1,"tri",120,0,"tri5.png",5,1,"tri",0,-120,"",NA,"",NA,NA,"left","right",1533,945,2,1696595435480,"p3sarrshacol4.png","sarrshacol","new"
"55",2311,0,1,4,0,5,3,0,2,0,0,19,59,79,"06-09-23","14:29:07","ptoup8",2055,"sqa6.png",6,1,"sqa",0,-120,"sqa1.png",1,1,"sqa",0,120,"tri4.png",4,1,"tri",120,0,"tri4.png",4,1,"tri",120,-120,"cir5.png",5,1,"cir",0,0,"",NA,"",NA,NA,"left","right",1533,945,3,1696595435480,"p3sarrshacol4.png","sarrshacol","new"
"56",2312,0,0,2,4,5,3,1,0,0,0,19,59,79,"06-09-23","14:29:07","ptoup8",2055,"tri2.png",2,1,"tri",-120,120,"tri6.png",6,1,"tri",120,-120,"tri2.png",2,1,"tri",120,0,"cir3.png",3,1,"cir",-120,0,"sqa1.png",1,1,"sqa",0,0,"",NA,"",NA,NA,"left","right",1533,945,4,1696595435480,"p3sarrshacol4.png","sarrshacol","new"
"57",2454,0,5,1,0,4,3,0,2,0,0,19,59,79,"06-09-23","13:15:29","vbrnkl",1649,"sqa5.png",5,1,"sqa",120,-120,"tri4.png",4,1,"tri",0,120,"sqa5.png",5,1,"sqa",120,0,"sqa1.png",1,1,"sqa",0,0,"cir4.png",4,1,"cir",0,-120,"",NA,"",NA,NA,"right","left",920,1351,1,1696590994768,"p3sarrshacol4.png","sarrshacol","new"
"58",2455,1,0,0,5,3,2,4,0,0,0,19,59,79,"06-09-23","13:15:29","vbrnkl",1649,"tri4.png",4,1,"tri",-120,-120,"cir1.png",1,1,"cir",120,0,"sqa5.png",5,1,"sqa",0,0,"sqa5.png",5,1,"sqa",-120,120,"sqa5.png",5,1,"sqa",-120,0,"",NA,"",NA,NA,"right","left",920,1351,2,1696590994768,"p3sarrshacol4.png","sarrshacol","new"
"59",2456,5,1,0,2,3,0,0,4,0,0,19,59,79,"06-09-23","13:15:29","vbrnkl",1649,"cir5.png",5,1,"cir",0,-120,"cir5.png",5,1,"cir",-120,0,"tri1.png",1,1,"tri",0,0,"sqa4.png",4,1,"sqa",0,120,"cir5.png",5,1,"cir",-120,-120,"",NA,"",NA,NA,"right","left",920,1351,3,1696590994768,"p3sarrshacol4.png","sarrshacol","new"
"60",2457,0,0,2,5,4,1,3,0,0,0,19,59,79,"06-09-23","13:15:29","vbrnkl",1649,"sqa5.png",5,1,"sqa",120,0,"cir1.png",1,1,"cir",120,-120,"tri4.png",4,1,"tri",-120,120,"sqa5.png",5,1,"sqa",0,0,"sqa5.png",5,1,"sqa",-120,0,"",NA,"",NA,NA,"right","left",920,1351,4,1696590994768,"p3sarrshacol4.png","sarrshacol","new"
"61",3070,0,0,2,1,5,4,3,0,0,0,19,59,79,"04-09-23","14:23:23","tb7ffu",1113,"tri1.png",1,1,"tri",-120,0,"cir4.png",4,1,"cir",120,-120,"tri4.png",4,1,"tri",-120,120,"tri3.png",3,1,"tri",120,0,"sqa5.png",5,1,"sqa",0,0,"",NA,"",NA,NA,"left","right",2325,1887,1,1696422243369,"p3sarrshacol4.png","sarrshacol","new"
"62",3071,0,0,1,0,2,3,5,4,0,0,19,59,79,"04-09-23","14:23:23","tb7ffu",1113,"cir1.png",1,1,"cir",120,-120,"sqa5.png",5,1,"sqa",0,0,"sqa4.png",4,1,"sqa",120,0,"tri5.png",5,1,"tri",0,120,"tri6.png",6,1,"tri",-120,120,"",NA,"",NA,NA,"left","right",2325,1887,2,1696422243369,"p3sarrshacol4.png","sarrshacol","new"
"63",3072,0,2,5,4,0,3,1,0,0,0,19,59,79,"04-09-23","14:23:23","tb7ffu",1113,"sqa4.png",4,1,"sqa",-120,120,"sqa1.png",1,1,"sqa",0,-120,"cir6.png",6,1,"cir",120,0,"tri4.png",4,1,"tri",-120,0,"cir2.png",2,1,"cir",120,-120,"",NA,"",NA,NA,"left","right",2325,1887,3,1696422243369,"p3sarrshacol4.png","sarrshacol","new"
"64",3073,0,0,1,0,5,2,4,0,0,0,19,59,79,"04-09-23","14:23:23","tb7ffu",1113,"cir3.png",3,1,"cir",120,-120,"cir4.png",4,1,"cir",120,0,"tri0.png",1,0,"tri",0,120,"sqa3.png",3,1,"sqa",-120,120,"tri1.png",1,1,"tri",0,0,"",NA,"",NA,NA,"left","right",2325,1887,4,1696422243369,"p3sarrshacol4.png","sarrshacol","new"
"65",3215,0,0,0,1,4,0,5,3,2,0,19,59,79,"04-09-23","09:25:33","dlkrxx",1994,"cir1.png",1,1,"cir",-120,0,"tri4.png",4,1,"tri",120,120,"sqa6.png",6,1,"sqa",0,120,"sqa6.png",6,1,"sqa",0,0,"cir2.png",2,1,"cir",-120,120,"",NA,"",NA,NA,"left","left",1361,1006,1,1696404331399,"p3sarrshacol4.png","sarrshacol","new"
"66",3216,0,5,4,2,0,3,1,0,0,0,19,59,79,"04-09-23","09:25:33","dlkrxx",1994,"tri6.png",6,1,"tri",-120,120,"cir4.png",4,1,"cir",-120,0,"tri4.png",4,1,"tri",120,0,"sqa4.png",4,1,"sqa",120,-120,"sqa1.png",1,1,"sqa",0,-120,"",NA,"",NA,NA,"left","left",1361,1006,2,1696404331399,"p3sarrshacol4.png","sarrshacol","new"
"67",3217,0,4,1,0,2,5,0,3,0,0,19,59,79,"04-09-23","09:25:33","dlkrxx",1994,"tri3.png",3,1,"tri",120,-120,"cir4.png",4,1,"cir",0,0,"sqa5.png",5,1,"sqa",0,120,"tri5.png",5,1,"tri",0,-120,"tri3.png",3,1,"tri",120,0,"",NA,"",NA,NA,"left","left",1361,1006,3,1696404331399,"p3sarrshacol4.png","sarrshacol","new"
"68",3218,0,2,1,5,4,3,NA,NA,NA,0,19,59,79,"04-09-23","09:25:33","dlkrxx",1994,"cir0.png",0,1,"cir",120,-120,"sqa0.png",0,1,"sqa",0,-120,"tri0.png",0,1,"tri",120,0,"sqa0.png",0,1,"sqa",0,0,"sqa0.png",0,1,"sqa",-120,0,"tri0.png",1,"tri",120,120,"left","left",1361,1006,4,1696404331399,"p3sarrshacol4.png","sarrshacol","new"
"69",3360,0,1,3,4,0,2,5,0,0,0,19,59,79,"03-09-23","18:07:42","x99s7m",1866,"tri1.png",1,1,"tri",0,-120,"cir4.png",4,1,"cir",120,0,"sqa6.png",6,1,"sqa",120,-120,"cir4.png",4,1,"cir",-120,0,"cir4.png",4,1,"cir",-120,120,"",NA,"",NA,NA,"right","left",1097,1134,1,1696349299483,"p3sarrshacol4.png","sarrshacol","new"
"70",3361,0,5,4,3,1,2,0,0,0,0,19,59,79,"03-09-23","18:07:42","x99s7m",1866,"cir4.png",4,1,"cir",0,0,"sqa2.png",2,1,"sqa",120,0,"tri4.png",4,1,"tri",-120,0,"cir3.png",3,1,"cir",120,-120,"tri1.png",1,1,"tri",0,-120,"",NA,"",NA,NA,"right","left",1097,1134,2,1696349299483,"p3sarrshacol4.png","sarrshacol","new"
"71",3362,0,1,3,0,5,4,0,2,0,0,19,59,79,"03-09-23","18:07:42","x99s7m",1866,"sqa6.png",6,1,"sqa",0,-120,"sqa4.png",4,1,"sqa",0,120,"tri4.png",4,1,"tri",120,-120,"tri4.png",4,1,"tri",120,0,"cir5.png",5,1,"cir",0,0,"",NA,"",NA,NA,"right","left",1097,1134,3,1696349299483,"p3sarrshacol4.png","sarrshacol","new"
"72",3363,0,2,1,0,4,3,0,5,0,0,19,59,79,"03-09-23","18:07:42","x99s7m",1866,"sqa4.png",4,1,"sqa",120,-120,"cir4.png",4,1,"cir",0,-120,"tri2.png",2,1,"tri",120,0,"cir1.png",1,1,"cir",0,0,"cir4.png",4,1,"cir",0,120,"",NA,"",NA,NA,"right","left",1097,1134,4,1696349299483,"p3sarrshacol4.png","sarrshacol","new"
"73",3505,5,0,1,0,4,3,2,0,0,0,19,59,79,"03-09-23","16:08:50","e940p6",1499,"tri4.png",4,1,"tri",120,-120,"tri6.png",6,1,"tri",-120,120,"cir4.png",4,1,"cir",120,0,"tri4.png",4,1,"tri",0,0,"sqa1.png",1,1,"sqa",-120,-120,"",NA,"",NA,NA,"None","left",3002,1501,1,1696342195402,"p3sarrshacol4.png","sarrshacol","new"
"74",3506,0,5,1,0,2,3,0,4,0,0,19,59,79,"03-09-23","16:08:50","e940p6",1499,"tri3.png",3,1,"tri",120,-120,"tri4.png",4,1,"tri",0,0,"cir3.png",3,1,"cir",120,0,"sqa1.png",1,1,"sqa",0,120,"sqa1.png",1,1,"sqa",0,-120,"",NA,"",NA,NA,"None","left",3002,1501,2,1696342195402,"p3sarrshacol4.png","sarrshacol","new"
"75",3507,5,1,0,2,4,3,0,0,0,0,19,59,79,"03-09-23","16:08:50","e940p6",1499,"cir3.png",3,1,"cir",0,-120,"cir6.png",6,1,"cir",-120,0,"sqa2.png",2,1,"sqa",120,0,"tri6.png",6,1,"tri",0,0,"sqa1.png",1,1,"sqa",-120,-120,"",NA,"",NA,NA,"None","left",3002,1501,3,1696342195402,"p3sarrshacol4.png","sarrshacol","new"
"76",3508,3,0,0,4,2,5,0,0,1,0,19,59,79,"03-09-23","16:08:50","e940p6",1499,"tri6.png",6,1,"tri",120,120,"cir5.png",5,1,"cir",0,0,"tri1.png",1,1,"tri",-120,-120,"sqa4.png",4,1,"sqa",-120,0,"sqa4.png",4,1,"sqa",120,0,"",NA,"",NA,NA,"None","left",3002,1501,4,1696342195402,"p3sarrshacol4.png","sarrshacol","new"
"77",3650,0,3,4,2,1,5,0,0,0,0,19,59,79,"03-09-23","14:04:47","xe4f3i",950,"cir6.png",6,1,"cir",0,0,"tri6.png",6,1,"tri",-120,0,"sqa5.png",5,1,"sqa",0,-120,"cir3.png",3,1,"cir",120,-120,"tri2.png",2,1,"tri",120,0,"",NA,"",NA,NA,"right","left",916,2050,1,1696334727308,"p3sarrshacol4.png","sarrshacol","new"
"78",3651,0,3,4,0,0,1,5,2,0,0,19,59,79,"03-09-23","14:04:47","xe4f3i",950,"tri4.png",4,1,"tri",120,0,"cir3.png",3,1,"cir",0,120,"tri6.png",6,1,"tri",0,-120,"sqa4.png",4,1,"sqa",120,-120,"tri2.png",2,1,"tri",-120,120,"",NA,"",NA,NA,"right","left",916,2050,2,1696334727308,"p3sarrshacol4.png","sarrshacol","new"
"79",3652,0,5,0,0,1,4,0,3,2,0,19,59,79,"03-09-23","14:04:47","xe4f3i",950,"cir5.png",5,1,"cir",0,0,"tri3.png",3,1,"tri",120,120,"sqa2.png",2,1,"sqa",0,120,"cir3.png",3,1,"cir",120,0,"tri4.png",4,1,"tri",0,-120,"",NA,"",NA,NA,"right","left",916,2050,3,1696334727308,"p3sarrshacol4.png","sarrshacol","new"
"80",3653,4,3,5,0,1,2,0,0,0,0,19,59,79,"03-09-23","14:04:47","xe4f3i",950,"sqa4.png",4,1,"sqa",0,0,"cir4.png",4,1,"cir",120,0,"cir5.png",5,1,"cir",0,-120,"sqa3.png",3,1,"sqa",-120,-120,"tri6.png",6,1,"tri",120,-120,"",NA,"",NA,NA,"right","left",916,2050,4,1696334727308,"p3sarrshacol4.png","sarrshacol","new"
"81",3795,2,0,0,3,4,1,0,5,0,0,19,59,79,"27-04-23","11:31:27","oywcp2",2031,"sqa4.png",4,1,"sqa",120,0,"tri1.png",1,1,"tri",-120,-120,"sqa5.png",5,1,"sqa",-120,0,"sqa5.png",5,1,"sqa",0,0,"cir2.png",2,1,"cir",0,120,"",NA,"",NA,NA,"right","right",1527,969,1,1685179927326,"p3sarrshacol4.png","sarrshacol","new"
"82",3796,3,0,0,5,1,4,0,0,2,0,19,59,79,"27-04-23","11:31:27","oywcp2",2031,"cir3.png",3,1,"cir",0,0,"tri4.png",4,1,"tri",120,120,"tri6.png",6,1,"tri",-120,-120,"cir1.png",1,1,"cir",120,0,"sqa2.png",2,1,"sqa",-120,0,"",NA,"",NA,NA,"right","right",1527,969,2,1685179927326,"p3sarrshacol4.png","sarrshacol","new"
"83",3797,0,0,1,0,0,2,4,5,3,0,19,59,79,"27-04-23","11:31:27","oywcp2",2031,"cir2.png",2,1,"cir",120,-120,"tri1.png",1,1,"tri",120,0,"sqa4.png",4,1,"sqa",120,120,"sqa5.png",5,1,"sqa",-120,120,"sqa3.png",3,1,"sqa",0,120,"",NA,"",NA,NA,"right","right",1527,969,3,1685179927326,"p3sarrshacol4.png","sarrshacol","new"
"84",3798,1,0,NA,5,3,4,0,0,2,0,19,59,79,"27-04-23","11:31:27","oywcp2",2031,"sqa1.png",1,1,"sqa",-120,-120,"cir2.png",2,1,"cir",120,120,"cir3.png",3,1,"cir",0,0,"sqa1.png",1,1,"sqa",120,0,"sqa5.png",5,1,"sqa",-120,0,"tri0.png",1,"tri",120,-120,"right","right",1527,969,4,1685179927326,"p3sarrshacol4.png","sarrshacol","new"
"85",3941,0,3,2,5,4,1,0,0,0,0,19,59,79,"26-04-23","21:05:02","bkxldo",1794,"sqa3.png",3,1,"sqa",120,0,"sqa2.png",2,1,"sqa",120,-120,"tri2.png",2,1,"tri",0,-120,"cir6.png",6,1,"cir",0,0,"sqa4.png",4,1,"sqa",-120,0,"",NA,"",NA,NA,"right","right",793,1206,1,1685127920961,"p3sarrshacol4.png","sarrshacol","new"
"86",3942,5,1,2,4,3,0,0,0,0,0,19,59,79,"26-04-23","21:05:02","bkxldo",1794,"sqa5.png",5,1,"sqa",0,-120,"sqa2.png",2,1,"sqa",120,-120,"sqa6.png",6,1,"sqa",0,0,"sqa4.png",4,1,"sqa",-120,0,"cir3.png",3,1,"cir",-120,-120,"",NA,"",NA,NA,"right","right",793,1206,2,1685127920961,"p3sarrshacol4.png","sarrshacol","new"
"87",3943,2,0,5,1,0,0,0,3,4,0,19,59,79,"26-04-23","21:05:02","bkxldo",1794,"cir3.png",3,1,"cir",-120,0,"tri2.png",2,1,"tri",-120,-120,"cir1.png",1,1,"cir",0,120,"sqa2.png",2,1,"sqa",120,120,"sqa2.png",2,1,"sqa",120,-120,"",NA,"",NA,NA,"right","right",793,1206,3,1685127920961,"p3sarrshacol4.png","sarrshacol","new"
"88",3944,0,1,5,2,0,0,0,3,4,0,19,59,79,"26-04-23","21:05:02","bkxldo",1794,"sqa5.png",5,1,"sqa",0,-120,"sqa2.png",2,1,"sqa",-120,0,"cir1.png",1,1,"cir",0,120,"tri2.png",2,1,"tri",120,120,"sqa3.png",3,1,"sqa",120,-120,"",NA,"",NA,NA,"right","right",793,1206,4,1685127920961,"p3sarrshacol4.png","sarrshacol","new"
"89",4087,2,4,1,5,3,0,0,0,0,0,19,59,79,"22-04-23","22:15:07","bkbcql",1839,"tri0.png",0,1,"tri",120,-120,"sqa0.png",0,1,"sqa",-120,-120,"sqa0.png",0,1,"sqa",0,0,"tri0.png",0,1,"tri",0,-120,"cir0.png",0,1,"cir",-120,0,"",NA,"",NA,NA,"right","left",1365,1161,1,1684786516533,"p3sarrshacol4.png","sarrshacol","new"
"90",4088,5,4,3,2,1,0,0,0,0,0,19,59,79,"22-04-23","22:15:07","bkbcql",1839,"tri0.png",0,1,"tri",0,0,"sqa0.png",0,1,"sqa",-120,0,"cir0.png",0,1,"cir",120,-120,"tri0.png",0,1,"tri",0,-120,"sqa0.png",0,1,"sqa",-120,-120,"",NA,"",NA,NA,"right","left",1365,1161,2,1684786516533,"p3sarrshacol4.png","sarrshacol","new"
"91",4089,4,2,0,3,5,0,0,1,0,0,19,59,79,"22-04-23","22:15:07","bkbcql",1839,"sqa0.png",0,1,"sqa",0,120,"cir0.png",0,1,"cir",0,-120,"tri0.png",0,1,"tri",-120,0,"cir0.png",0,1,"cir",-120,-120,"tri0.png",0,1,"tri",0,0,"",NA,"",NA,NA,"right","left",1365,1161,3,1684786516533,"p3sarrshacol4.png","sarrshacol","new"
"92",4090,3,4,2,0,5,0,0,1,0,0,19,59,79,"22-04-23","22:15:07","bkbcql",1839,"cir0.png",0,1,"cir",0,120,"sqa0.png",0,1,"sqa",120,-120,"sqa0.png",0,1,"sqa",-120,-120,"sqa0.png",0,1,"sqa",0,-120,"tri0.png",0,1,"tri",0,0,"",NA,"",NA,NA,"right","left",1365,1161,4,1684786516533,"p3sarrshacol4.png","sarrshacol","new"
"93",4233,1,5,NA,2,3,4,NA,0,NA,0,19,59,79,"15-04-23","19:40:59","d2kbci",1828,"tri0.png",0,1,"tri",-120,-120,"sqa0.png",0,1,"sqa",-120,0,"sqa0.png",0,1,"sqa",0,0,"sqa0.png",0,1,"sqa",120,0,"tri0.png",0,1,"tri",0,-120,"cir0.png",1,"cir",120,120,"right","left",2009,1172,1,1684172520654,"p3sarrshacol4.png","sarrshacol","new"
"94",4234,0,5,4,0,NA,1,0,2,3,0,19,59,79,"15-04-23","19:40:59","d2kbci",1828,"cir0.png",0,1,"cir",120,0,"sqa0.png",0,1,"sqa",0,120,"sqa0.png",0,1,"sqa",120,120,"tri0.png",0,1,"tri",120,-120,"tri0.png",0,1,"tri",0,-120,"cir0.png",1,"cir",0,0,"right","left",2009,1172,2,1684172520654,"p3sarrshacol4.png","sarrshacol","new"
"95",4235,1,0,0,5,3,0,4,2,0,0,19,59,79,"15-04-23","19:40:59","d2kbci",1828,"tri0.png",0,1,"tri",-120,-120,"tri0.png",0,1,"tri",0,120,"cir0.png",0,1,"cir",0,0,"sqa0.png",0,1,"sqa",-120,120,"tri0.png",0,1,"tri",-120,0,"cir0.png",1,"cir",0,0,"right","left",2009,1172,3,1684172520654,"p3sarrshacol4.png","sarrshacol","new"
"96",4236,0,5,3,2,1,4,0,0,0,0,19,59,79,"15-04-23","19:40:59","d2kbci",1828,"cir0.png",0,1,"cir",0,0,"tri0.png",0,1,"tri",-120,0,"sqa0.png",0,1,"sqa",120,-120,"sqa0.png",0,1,"sqa",120,0,"cir0.png",0,1,"cir",0,-120,"cir0.png",1,"cir",0,0,"right","left",2009,1172,4,1684172520654,"p3sarrshacol4.png","sarrshacol","new"
"97",4378,0,3,4,1,0,2,5,0,0,0,19,59,79,"15-04-23","10:37:42","njndx3",1278,"cir0.png",0,1,"cir",-120,0,"tri0.png",0,1,"tri",120,0,"sqa0.png",0,1,"sqa",0,-120,"sqa0.png",0,1,"sqa",120,-120,"tri0.png",0,1,"tri",-120,120,"",NA,"",NA,NA,"None","left",3015,1722,1,1684139872790,"p3sarrshacol4.png","sarrshacol","new"
"98",4379,0,3,5,0,2,1,0,4,0,0,19,59,79,"15-04-23","10:37:42","njndx3",1278,"sqa3.png",3,1,"sqa",120,0,"cir1.png",1,1,"cir",0,0,"tri5.png",5,1,"tri",0,-120,"sqa5.png",5,1,"sqa",0,120,"sqa3.png",3,1,"sqa",120,-120,"",NA,"",NA,NA,"None","left",3015,1722,2,1684139872790,"p3sarrshacol4.png","sarrshacol","new"
"99",4380,0,2,4,5,3,1,0,0,0,0,19,59,79,"15-04-23","10:37:42","njndx3",1278,"tri2.png",2,1,"tri",120,0,"sqa3.png",3,1,"sqa",0,-120,"sqa0.png",0,1,"sqa",0,0,"sqa3.png",3,1,"sqa",120,-120,"cir0.png",0,1,"cir",-120,0,"sqa0.png",1,"sqa",0,0,"None","left",3015,1722,3,1684139872790,"p3sarrshacol4.png","sarrshacol","new"
"100",4381,0,5,2,4,3,0,0,0,1,0,19,59,79,"15-04-23","10:37:42","njndx3",1278,"tri0.png",0,1,"tri",120,120,"sqa0.png",0,1,"sqa",120,-120,"sqa0.png",0,1,"sqa",0,0,"cir0.png",0,1,"cir",-120,0,"sqa0.png",0,1,"sqa",0,-120,"sqa0.png",1,"sqa",0,0,"None","left",3015,1722,4,1684139872790,"p3sarrshacol4.png","sarrshacol","new"
"101",4809,0,0,0,0,0,0,0,0,0,0,19,59,79,"01-04-23","20:35:34","ew6qqz",2621,"cir0.png",0,0,"cir",0,0,"cir0.png",0,0,"cir",0,0,"cir0.png",0,0,"cir",0,0,"cir0.png",0,0,"cir",0,0,"cir0.png",0,0,"cir",0,0,"",NA,"",NA,NA,"right","right",1905,379,1,1682966224921,"p3sarrshacol4.png","sarrshacol","new"
"102",4951,3,2,0,1,5,4,0,0,0,0,19,59,79,"01-04-23","20:13:59","pvc0rw",419,"sqa6.png",6,1,"sqa",-120,0,"tri1.png",1,1,"tri",0,-120,"tri1.png",1,1,"tri",-120,-120,"cir3.png",3,1,"cir",120,0,"sqa6.png",6,1,"sqa",0,0,"",NA,"",NA,NA,"right","left",2683,2581,1,1682964889108,"p3sarrshacol4.png","sarrshacol","new"
"103",4952,0,2,4,0,1,5,3,0,0,0,19,59,79,"01-04-23","20:13:59","pvc0rw",419,"sqa4.png",4,1,"sqa",0,0,"tri1.png",1,1,"tri",0,-120,"cir2.png",2,1,"cir",-120,120,"tri1.png",1,1,"tri",120,-120,"sqa4.png",4,1,"sqa",120,0,"",NA,"",NA,NA,"right","left",2683,2581,2,1682964889108,"p3sarrshacol4.png","sarrshacol","new"
"104",4953,0,5,4,0,2,3,0,1,0,0,19,59,79,"01-04-23","20:13:59","pvc0rw",419,"cir1.png",1,1,"cir",0,120,"sqa5.png",5,1,"sqa",0,0,"tri3.png",3,1,"tri",120,0,"tri3.png",3,1,"tri",120,-120,"tri1.png",1,1,"tri",0,-120,"",NA,"",NA,NA,"right","left",2683,2581,3,1682964889108,"p3sarrshacol4.png","sarrshacol","new"
"105",4954,0,0,0,4,1,2,3,0,0,0,19,59,79,"01-04-23","20:13:59","pvc0rw",419,"sqa4.png",4,1,"sqa",0,0,"tri1.png",1,1,"tri",120,0,"cir4.png",4,1,"cir",-120,120,"sqa4.png",4,1,"sqa",-120,0,"cir0.png",0,0,"cir",-120,-120,"",NA,"",NA,NA,"right","left",2683,2581,4,1682964889108,"p3sarrshacol4.png","sarrshacol","new"
"106",5096,0,3,5,0,1,2,0,4,0,0,19,59,79,"30-03-23","12:33:45","ezfr2v",1088,"tri5.png",5,1,"tri",0,0,"cir3.png",3,1,"cir",120,0,"sqa1.png",1,1,"sqa",0,-120,"sqa1.png",1,1,"sqa",0,120,"cir3.png",3,1,"cir",120,-120,"",NA,"",NA,NA,"None","left",3006,1912,1,1682850898245,"p3sarrshacol4.png","sarrshacol","new"
"107",5097,0,3,4,5,0,0,2,0,1,0,19,59,79,"30-03-23","12:33:45","ezfr2v",1088,"sqa5.png",5,1,"sqa",120,120,"tri4.png",4,1,"tri",-120,120,"tri1.png",1,1,"tri",0,-120,"tri1.png",1,1,"tri",120,-120,"cir4.png",4,1,"cir",-120,0,"",NA,"",NA,NA,"None","left",3006,1912,2,1682850898245,"p3sarrshacol4.png","sarrshacol","new"
"108",5098,3,5,0,4,1,2,0,0,0,0,19,59,79,"30-03-23","12:33:45","ezfr2v",1088,"tri3.png",3,1,"tri",0,0,"sqa2.png",2,1,"sqa",120,0,"sqa1.png",1,1,"sqa",-120,-120,"sqa1.png",1,1,"sqa",-120,0,"cir3.png",3,1,"cir",0,-120,"",NA,"",NA,NA,"None","left",3006,1912,3,1682850898245,"p3sarrshacol4.png","sarrshacol","new"
"109",5099,4,5,0,0,1,3,0,0,2,0,19,59,79,"30-03-23","12:33:45","ezfr2v",1088,"tri4.png",4,1,"tri",0,0,"cir1.png",1,1,"cir",120,120,"sqa6.png",6,1,"sqa",120,0,"sqa1.png",1,1,"sqa",-120,-120,"tri4.png",4,1,"tri",0,-120,"",NA,"",NA,NA,"None","left",3006,1912,4,1682850898245,"p3sarrshacol4.png","sarrshacol","new"
"110",5241,NA,3,5,0,4,2,0,1,0,0,19,59,79,"30-03-23","11:57:51","v1453j",360,"tri6.png",6,1,"tri",0,120,"tri4.png",4,1,"tri",120,0,"sqa1.png",1,1,"sqa",0,-120,"cir4.png",4,1,"cir",0,0,"sqa4.png",4,1,"sqa",120,-120,"sqa0.png",1,"sqa",-120,-120,"left","down",1149,2640,1,1682848754817,"p3sarrshacol4.png","sarrshacol","new"
"111",5242,4,1,0,3,5,2,NA,0,0,0,19,59,79,"30-03-23","11:57:51","v1453j",360,"sqa3.png",3,1,"sqa",0,-120,"tri2.png",2,1,"tri",120,0,"cir6.png",6,1,"cir",-120,0,"cir1.png",1,1,"cir",-120,-120,"sqa6.png",6,1,"sqa",0,0,"tri0.png",1,"tri",-120,120,"left","down",1149,2640,2,1682848754817,"p3sarrshacol4.png","sarrshacol","new"
"112",5243,NA,NA,0,NA,2,4,3,1,5,0,19,59,79,"30-03-23","11:57:51","v1453j",360,"cir4.png",4,1,"cir",0,120,"sqa5.png",5,1,"sqa",0,0,"sqa4.png",4,1,"sqa",-120,120,"cir6.png",6,1,"cir",120,0,"tri1.png",1,1,"tri",120,120,"sqa0.png",1,"sqa",-120,-120,"left","down",1149,2640,3,1682848754817,"p3sarrshacol4.png","sarrshacol","new"
"113",5244,2,3,0,4,5,1,0,0,0,0,19,59,79,"30-03-23","11:57:51","v1453j",360,"tri2.png",2,1,"tri",120,0,"cir1.png",1,1,"cir",-120,-120,"sqa3.png",3,1,"sqa",0,-120,"cir6.png",6,1,"cir",-120,0,"sqa6.png",6,1,"sqa",0,0,"sqa0.png",1,"sqa",-120,-120,"left","down",1149,2640,4,1682848754817,"p3sarrshacol4.png","sarrshacol","new"
"114",5386,0,3,2,0,4,1,0,5,0,0,19,59,79,"30-03-23","10:01:24","w6orye",1039,"tri3.png",3,1,"tri",120,0,"tri3.png",3,1,"tri",120,-120,"tri1.png",1,1,"tri",0,-120,"cir4.png",4,1,"cir",0,0,"sqa1.png",1,1,"sqa",0,120,"",NA,"",NA,NA,"right","down",1412,1961,1,1682841762802,"p3sarrshacol4.png","sarrshacol","new"
"115",5387,0,0,0,3,4,0,5,2,1,0,19,59,79,"30-03-23","10:01:24","w6orye",1039,"tri2.png",2,1,"tri",120,120,"sqa6.png",6,1,"sqa",0,120,"sqa1.png",1,1,"sqa",-120,0,"sqa3.png",3,1,"sqa",0,0,"cir6.png",6,1,"cir",-120,120,"",NA,"",NA,NA,"right","down",1412,1961,2,1682841762802,"p3sarrshacol4.png","sarrshacol","new"
"116",5388,0,0,0,5,1,4,2,3,0,0,19,59,79,"30-03-23","10:01:24","w6orye",1039,"sqa3.png",3,1,"sqa",0,0,"tri4.png",4,1,"tri",-120,120,"cir4.png",4,1,"cir",0,120,"cir2.png",2,1,"cir",120,0,"tri5.png",5,1,"tri",-120,0,"",NA,"",NA,NA,"right","down",1412,1961,3,1682841762802,"p3sarrshacol4.png","sarrshacol","new"
"117",5389,3,4,1,2,5,0,0,0,0,0,19,59,79,"30-03-23","10:01:24","w6orye",1039,"tri4.png",4,1,"tri",120,-120,"cir6.png",6,1,"cir",-120,0,"cir2.png",2,1,"cir",-120,-120,"sqa1.png",1,1,"sqa",0,-120,"sqa6.png",6,1,"sqa",0,0,"",NA,"",NA,NA,"right","down",1412,1961,4,1682841762802,"p3sarrshacol4.png","sarrshacol","new"
"118",5531,0,3,4,2,0,5,1,0,0,0,19,59,79,"29-03-23","18:02:47","nrjxn1",1424,"tri0.png",5,1,"tri",-120,120,"cir0.png",0,1,"cir",-120,0,"sqa0.png",0,1,"sqa",0,-120,"sqa0.png",0,1,"sqa",120,-120,"sqa0.png",0,1,"sqa",120,0,"",NA,"",NA,NA,"right","right",2062,1576,1,1682784213647,"p3sarrshacol4.png","sarrshacol","new"
"119",5532,0,0,0,5,2,0,4,3,1,0,19,59,79,"29-03-23","18:02:47","nrjxn1",1424,"cir0.png",0,1,"cir",120,120,"sqa3.png",3,1,"sqa",0,0,"tri6.png",6,1,"tri",0,120,"sqa1.png",1,1,"sqa",-120,120,"sqa0.png",0,1,"sqa",-120,0,"",NA,"",NA,NA,"right","right",2062,1576,2,1682784213647,"p3sarrshacol4.png","sarrshacol","new"
"120",5533,0,3,1,0,4,2,NA,5,0,0,19,59,79,"29-03-23","18:02:47","nrjxn1",1424,"tri4.png",4,1,"tri",120,-120,"tri4.png",4,1,"tri",120,0,"tri4.png",4,1,"tri",0,-120,"cir1.png",1,1,"cir",0,0,"tri2.png",2,1,"tri",0,120,"tri0.png",1,"tri",0,120,"right","right",2062,1576,3,1682784213647,"p3sarrshacol4.png","sarrshacol","new"
"121",5534,0,0,0,4,5,0,2,1,3,0,19,59,79,"29-03-23","18:02:47","nrjxn1",1424,"sqa0.png",0,1,"sqa",0,120,"cir0.png",0,1,"cir",-120,120,"tri0.png",0,1,"tri",120,120,"sqa0.png",0,1,"sqa",-120,0,"cir0.png",0,1,"cir",0,0,"tri0.png",1,"tri",0,120,"right","right",2062,1576,4,1682784213647,"p3sarrshacol4.png","sarrshacol","new"
"122",5676,0,3,2,0,5,4,1,0,0,0,19,59,79,"29-03-23","14:07:21","e1q9h1",1464,"cir0.png",0,1,"cir",-120,120,"tri0.png",0,1,"tri",120,-120,"sqa0.png",0,1,"sqa",0,-120,"tri0.png",0,1,"tri",120,0,"sqa0.png",0,1,"sqa",0,0,"",NA,"",NA,NA,"right","left",869,1536,1,1682770067328,"p3sarrshacol4.png","sarrshacol","new"
"123",5677,1,3,0,2,5,4,0,0,0,0,19,59,79,"29-03-23","14:07:21","e1q9h1",1464,"sqa0.png",0,1,"sqa",-120,-120,"tri0.png",0,1,"tri",-120,0,"sqa0.png",0,1,"sqa",0,-120,"cir0.png",0,1,"cir",120,0,"tri0.png",0,1,"tri",0,0,"",NA,"",NA,NA,"right","left",869,1536,2,1682770067328,"p3sarrshacol4.png","sarrshacol","new"
"124",5678,4,0,3,2,0,1,5,0,0,0,19,59,79,"29-03-23","14:07:21","e1q9h1",1464,"tri0.png",0,1,"tri",120,0,"sqa0.png",0,1,"sqa",-120,0,"sqa0.png",0,1,"sqa",120,-120,"tri0.png",0,1,"tri",-120,-120,"cir0.png",0,1,"cir",-120,120,"",NA,"",NA,NA,"right","left",869,1536,3,1682770067328,"p3sarrshacol4.png","sarrshacol","new"
"125",5679,0,5,3,0,2,1,0,4,0,0,19,59,79,"29-03-23","14:07:21","e1q9h1",1464,"tri0.png",0,1,"tri",120,0,"sqa0.png",0,1,"sqa",0,0,"tri0.png",0,1,"tri",120,-120,"cir0.png",0,1,"cir",0,120,"sqa0.png",0,1,"sqa",0,-120,"",NA,"",NA,NA,"right","left",869,1536,4,1682770067328,"p3sarrshacol4.png","sarrshacol","new"
"126",6107,5,2,3,NA,1,4,0,0,0,0,19,59,79,"28-03-23","13:17:54","hwo24d",0,"sqa3.png",3,1,"sqa",0,0,"sqa3.png",3,1,"sqa",0,-120,"tri2.png",2,1,"tri",120,-120,"cir4.png",4,1,"cir",120,0,"tri1.png",1,1,"tri",-120,-120,"tri0.png",1,"tri",-120,0,"right","None",2744,3005,1,1682680729430,"p3sarrshacol4.png","sarrshacol","new"
"127",6108,2,3,0,5,1,4,0,0,0,0,19,59,79,"28-03-23","13:17:54","hwo24d",0,"sqa2.png",2,1,"sqa",0,0,"cir1.png",1,1,"cir",-120,-120,"sqa4.png",4,1,"sqa",0,-120,"sqa2.png",2,1,"sqa",120,0,"tri6.png",6,1,"tri",-120,0,"tri0.png",1,"tri",-120,0,"right","None",2744,3005,2,1682680729430,"p3sarrshacol4.png","sarrshacol","new"
"128",6109,0,4,1,2,5,3,0,0,0,0,19,59,79,"28-03-23","13:17:54","hwo24d",0,"cir4.png",4,1,"cir",120,-120,"cir4.png",4,1,"cir",-120,0,"cir5.png",5,1,"cir",120,0,"tri3.png",3,1,"tri",0,-120,"sqa3.png",3,1,"sqa",0,0,"tri0.png",1,"tri",-120,0,"right","None",2744,3005,3,1682680729430,"p3sarrshacol4.png","sarrshacol","new"
"129",6110,0,1,5,3,NA,4,2,0,0,0,19,59,79,"28-03-23","13:17:54","hwo24d",0,"sqa3.png",3,1,"sqa",0,-120,"cir5.png",5,1,"cir",-120,120,"tri4.png",4,1,"tri",-120,0,"cir6.png",6,1,"cir",120,0,"cir1.png",1,1,"cir",120,-120,"cir0.png",1,"cir",0,0,"right","None",2744,3005,4,1682680729430,"p3sarrshacol4.png","sarrshacol","new"
"130",6252,0,4,2,0,1,3,0,5,0,0,19,59,79,"28-03-23","10:32:51","cvyk5v",1520,"cir1.png",1,1,"cir",0,0,"sqa3.png",3,1,"sqa",120,-120,"tri3.png",3,1,"tri",120,0,"tri5.png",5,1,"tri",0,-120,"sqa5.png",5,1,"sqa",0,120,"",NA,"",NA,NA,"right","left",1505,1480,1,1682670793972,"p3sarrshacol4.png","sarrshacol","new"
"131",6253,0,2,3,1,0,4,5,0,0,0,19,59,79,"28-03-23","10:32:51","cvyk5v",1520,"cir4.png",4,1,"cir",-120,0,"cir5.png",5,1,"cir",0,-120,"sqa3.png",3,1,"sqa",120,-120,"tri5.png",5,1,"tri",120,0,"tri2.png",2,1,"tri",-120,120,"",NA,"",NA,NA,"right","left",1505,1480,2,1682670793972,"p3sarrshacol4.png","sarrshacol","new"
"132",6254,5,0,1,2,0,4,0,3,0,0,19,59,79,"28-03-23","10:32:51","cvyk5v",1520,"tri4.png",4,1,"tri",120,-120,"tri5.png",5,1,"tri",-120,0,"cir2.png",2,1,"cir",0,120,"cir3.png",3,1,"cir",120,0,"sqa1.png",1,1,"sqa",-120,-120,"",NA,"",NA,NA,"right","left",1505,1480,3,1682670793972,"p3sarrshacol4.png","sarrshacol","new"
"133",6255,1,3,2,0,4,5,0,0,0,0,19,59,79,"28-03-23","10:32:51","cvyk5v",1520,"sqa2.png",2,1,"sqa",-120,-120,"tri6.png",6,1,"tri",120,-120,"cir4.png",4,1,"cir",0,-120,"tri5.png",5,1,"tri",0,0,"cir4.png",4,1,"cir",120,0,"cir0.png",1,"cir",0,-120,"right","left",1505,1480,4,1682670793972,"p3sarrshacol4.png","sarrshacol","new"
"134",6397,0,0,1,0,4,3,2,0,0,0,19,59,79,"27-03-23","19:23:00","do55ye",1558,"cir3.png",3,1,"cir",120,-120,"tri4.png",4,1,"tri",-120,120,"tri4.png",4,1,"tri",120,0,"sqa5.png",5,1,"sqa",0,0,"tri5.png",5,0,"tri",120,-120,"",NA,"",NA,NA,"right","left",678,1442,1,1682616274658,"p3sarrshacol4.png","sarrshacol","new"
"135",6398,0,5,2,4,3,1,0,NA,0,0,19,59,79,"27-03-23","19:23:00","do55ye",1558,"tri4.png",4,1,"tri",120,0,"tri4.png",4,1,"tri",120,-120,"sqa6.png",6,1,"sqa",0,0,"cir4.png",4,1,"cir",-120,0,"tri3.png",3,1,"tri",0,-120,"tri0.png",1,"tri",0,120,"right","left",678,1442,2,1682616274658,"p3sarrshacol4.png","sarrshacol","new"
"136",6399,0,3,2,0,1,5,0,4,0,0,19,59,79,"27-03-23","19:23:00","do55ye",1558,"sqa3.png",3,1,"sqa",0,0,"tri4.png",4,1,"tri",120,-120,"sqa5.png",5,1,"sqa",0,-120,"cir6.png",6,1,"cir",0,120,"tri3.png",3,1,"tri",120,0,"tri0.png",1,"tri",0,120,"right","left",678,1442,3,1682616274658,"p3sarrshacol4.png","sarrshacol","new"
"137",6400,0,3,4,0,1,5,0,2,0,0,19,59,79,"27-03-23","19:23:00","do55ye",1558,"tri4.png",4,1,"tri",0,0,"cir3.png",3,1,"cir",0,120,"sqa1.png",1,1,"sqa",0,-120,"sqa5.png",5,1,"sqa",120,-120,"cir1.png",1,1,"cir",120,0,"tri0.png",1,"tri",0,120,"right","left",678,1442,4,1682616274658,"p3sarrshacol4.png","sarrshacol","new"
"138",6542,0,4,3,5,1,2,0,0,0,0,19,59,79,"26-03-23","19:38:37","h8424e",1926,"cir5.png",5,1,"cir",0,0,"tri1.png",1,1,"tri",120,0,"cir5.png",5,1,"cir",120,-120,"sqa4.png",4,1,"sqa",0,-120,"sqa4.png",4,1,"sqa",-120,0,"",NA,"",NA,NA,"left","left",1058,1074,1,1682530813000,"p3sarrshacol4.png","sarrshacol","new"
"139",6543,5,3,0,2,4,1,0,0,0,0,19,59,79,"26-03-23","19:38:37","h8424e",1926,"tri1.png",1,1,"tri",120,0,"cir4.png",4,1,"cir",-120,0,"sqa2.png",2,1,"sqa",0,-120,"sqa2.png",2,1,"sqa",0,0,"cir4.png",4,1,"cir",-120,-120,"",NA,"",NA,NA,"left","left",1058,1074,2,1682530813000,"p3sarrshacol4.png","sarrshacol","new"
"140",6544,0,1,4,0,5,3,0,2,0,0,19,59,79,"26-03-23","19:38:37","h8424e",1926,"sqa1.png",1,1,"sqa",0,-120,"sqa1.png",1,1,"sqa",0,120,"tri4.png",4,1,"tri",120,0,"tri4.png",4,1,"tri",120,-120,"cir2.png",2,1,"cir",0,0,"",NA,"",NA,NA,"left","left",1058,1074,3,1682530813000,"p3sarrshacol4.png","sarrshacol","new"
"141",6545,3,0,2,0,5,0,0,4,1,0,19,59,79,"26-03-23","19:38:37","h8424e",1926,"tri4.png",4,1,"tri",120,120,"sqa1.png",1,1,"sqa",120,-120,"sqa1.png",1,1,"sqa",-120,-120,"tri4.png",4,1,"tri",0,120,"cir2.png",2,1,"cir",0,0,"",NA,"",NA,NA,"left","left",1058,1074,4,1682530813000,"p3sarrshacol4.png","sarrshacol","new"
"142",6687,0,2,5,0,3,1,0,4,0,0,19,59,79,"26-03-23","19:24:17","xschiu",2092,"sqa2.png",2,1,"sqa",120,0,"tri5.png",5,1,"tri",0,-120,"cir1.png",1,1,"cir",0,0,"sqa5.png",5,1,"sqa",0,120,"tri3.png",3,1,"tri",120,-120,"",NA,"",NA,NA,"right","left",608,908,1,1682529945189,"p3sarrshacol4.png","sarrshacol","new"
"143",6688,0,4,3,1,0,2,5,0,0,0,19,59,79,"26-03-23","19:24:17","xschiu",2092,"tri4.png",4,1,"tri",-120,0,"tri4.png",4,1,"tri",120,0,"cir4.png",4,1,"cir",120,-120,"sqa6.png",6,1,"sqa",0,-120,"sqa1.png",1,1,"sqa",-120,120,"",NA,"",NA,NA,"right","left",608,908,2,1682529945189,"p3sarrshacol4.png","sarrshacol","new"
"144",6689,4,2,0,5,3,1,0,0,0,0,19,59,79,"26-03-23","19:24:17","xschiu",2092,"tri6.png",6,1,"tri",120,0,"tri1.png",1,1,"tri",0,-120,"sqa6.png",6,1,"sqa",0,0,"cir3.png",3,1,"cir",-120,-120,"sqa2.png",2,1,"sqa",-120,0,"",NA,"",NA,NA,"right","left",608,908,3,1682529945189,"p3sarrshacol4.png","sarrshacol","new"
"145",6690,0,0,5,NA,2,NA,1,3,4,0,19,59,79,"26-03-23","19:24:17","xschiu",2092,"tri0.png",0,1,"tri",-120,120,"tri0.png",0,1,"tri",0,0,"tri0.png",0,1,"tri",0,120,"tri0.png",0,1,"tri",120,120,"tri0.png",0,1,"tri",120,-120,"tri0.png",1,"tri",-120,0,"right","left",608,908,4,1682529945189,"p3sarrshacol4.png","sarrshacol","new"
"146",6832,0,1,2,0,5,4,0,3,0,0,19,59,79,"","","ibwynf",1258,"sqa1.png",1,1,"sqa",0,-120,"tri3.png",3,1,"tri",120,-120,"sqa1.png",1,1,"sqa",0,120,"tri3.png",3,1,"tri",120,0,"cir5.png",5,1,"cir",0,0,"",NA,"",NA,NA,"right","left",2169,1742,1,1682521271089,"p3sarrshacol4.png","sarrshacol","new"
"147",6833,0,1,2,5,4,3,0,0,0,0,19,59,79,"","","ibwynf",1258,"sqa5.png",5,1,"sqa",0,-120,"cir6.png",6,1,"cir",120,-120,"tri1.png",1,1,"tri",120,0,"cir4.png",4,1,"cir",0,0,"sqa4.png",4,1,"sqa",-120,0,"",NA,"",NA,NA,"right","left",2169,1742,2,1682521271089,"p3sarrshacol4.png","sarrshacol","new"
"148",6834,0,4,2,3,0,1,5,0,0,0,19,59,79,"","","ibwynf",1258,"tri4.png",4,1,"tri",120,0,"sqa2.png",2,1,"sqa",120,-120,"sqa2.png",2,1,"sqa",-120,0,"cir1.png",1,1,"cir",0,-120,"tri6.png",6,1,"tri",-120,120,"",NA,"",NA,NA,"right","left",2169,1742,3,1682521271089,"p3sarrshacol4.png","sarrshacol","new"
"149",6835,4,5,0,1,2,3,0,0,0,0,19,59,79,"","","ibwynf",1258,"sqa2.png",2,1,"sqa",-120,0,"tri2.png",2,1,"tri",0,0,"tri4.png",4,1,"tri",120,0,"tri3.png",3,1,"tri",-120,-120,"cir1.png",1,1,"cir",0,-120,"",NA,"",NA,NA,"right","left",2169,1742,4,1682521271089,"p3sarrshacol4.png","sarrshacol","new"
"150",6977,0,4,1,0,2,3,0,5,0,0,19,59,79,"26-03-23","14:12:46","c8zr6u",599,"tri3.png",3,1,"tri",120,-120,"cir1.png",1,1,"cir",0,0,"tri3.png",3,1,"tri",120,0,"tri5.png",5,1,"tri",0,-120,"tri5.png",5,1,"tri",0,120,"",NA,"",NA,NA,"None","down",3011,2401,1,1682511246114,"p3sarrshacol4.png","sarrshacol","new"
"151",6978,0,3,2,5,4,1,0,0,0,0,19,59,79,"26-03-23","14:12:46","c8zr6u",599,"sqa2.png",2,1,"sqa",120,0,"cir4.png",4,1,"cir",120,-120,"sqa4.png",4,1,"sqa",0,-120,"sqa5.png",5,1,"sqa",0,0,"tri5.png",5,1,"tri",-120,0,"",NA,"",NA,NA,"None","down",3011,2401,2,1682511246114,"p3sarrshacol4.png","sarrshacol","new"
"152",6979,0,3,4,1,5,2,0,0,0,0,19,59,79,"26-03-23","14:12:46","c8zr6u",599,"tri4.png",4,1,"tri",-120,0,"sqa0.png",0,1,"sqa",120,0,"tri0.png",0,1,"tri",0,-120,"sqa6.png",6,1,"sqa",120,-120,"cir6.png",6,1,"cir",0,0,"",NA,"",NA,NA,"None","down",3011,2401,3,1682511246114,"p3sarrshacol4.png","sarrshacol","new"
"153",6980,0,3,2,4,5,1,0,0,0,0,19,59,79,"26-03-23","14:12:46","c8zr6u",599,"sqa2.png",2,1,"sqa",120,0,"tri1.png",1,1,"tri",120,-120,"sqa4.png",4,1,"sqa",0,-120,"sqa6.png",6,1,"sqa",-120,0,"cir2.png",2,1,"cir",0,0,"",NA,"",NA,NA,"None","down",3011,2401,4,1682511246114,"p3sarrshacol4.png","sarrshacol","new"
"154",7122,4,1,0,5,2,3,0,0,0,0,19,59,79,"25-03-23","17:06:36","adnh1w",2251,"sqa3.png",3,1,"sqa",0,-120,"sqa3.png",3,1,"sqa",0,0,"tri2.png",2,1,"tri",120,0,"cir1.png",1,1,"cir",-120,-120,"cir4.png",4,1,"cir",-120,0,"",NA,"",NA,NA,"right","right",1438,749,1,1682435209289,"p3sarrshacol4.png","sarrshacol","new"
"155",7123,0,5,3,2,0,1,4,0,0,0,19,59,79,"25-03-23","17:06:36","adnh1w",2251,"cir3.png",3,1,"cir",120,0,"sqa5.png",5,1,"sqa",-120,0,"cir4.png",4,1,"cir",120,-120,"tri6.png",6,1,"tri",-120,120,"sqa5.png",5,1,"sqa",0,-120,"",NA,"",NA,NA,"right","right",1438,749,2,1682435209289,"p3sarrshacol4.png","sarrshacol","new"
"156",7124,0,5,3,4,2,1,0,0,0,0,19,59,79,"25-03-23","17:06:36","adnh1w",2251,"tri4.png",4,1,"tri",120,0,"cir1.png",1,1,"cir",0,0,"sqa4.png",4,1,"sqa",120,-120,"sqa4.png",4,1,"sqa",-120,0,"sqa5.png",5,1,"sqa",0,-120,"",NA,"",NA,NA,"right","right",1438,749,3,1682435209289,"p3sarrshacol4.png","sarrshacol","new"
"157",7125,0,5,4,1,0,3,2,0,0,0,19,59,79,"25-03-23","17:06:36","adnh1w",2251,"sqa4.png",4,1,"sqa",-120,0,"tri6.png",6,1,"tri",-120,120,"cir1.png",1,1,"cir",120,0,"sqa2.png",2,1,"sqa",120,-120,"sqa1.png",1,1,"sqa",0,-120,"",NA,"",NA,NA,"right","right",1438,749,4,1682435209289,"p3sarrshacol4.png","sarrshacol","new"
"158",7267,1,4,0,3,5,2,0,0,0,0,19,59,79,"24-03-23","21:05:03","kjubx9",1428,"cir1.png",1,1,"cir",-120,-120,"tri2.png",2,1,"tri",120,0,"cir6.png",6,1,"cir",-120,0,"sqa4.png",4,1,"sqa",0,-120,"sqa6.png",6,1,"sqa",0,0,"",NA,"",NA,NA,"right","left",2082,1572,1,1682363103692,"p3sarrshacol4.png","sarrshacol","new"
"159",7268,0,3,4,0,1,2,0,5,0,0,19,59,79,"24-03-23","21:05:03","kjubx9",1428,"cir5.png",5,1,"cir",0,0,"tri3.png",3,1,"tri",120,0,"tri1.png",1,1,"tri",0,-120,"tri3.png",3,1,"tri",120,-120,"sqa1.png",1,1,"sqa",0,120,"",NA,"",NA,NA,"right","left",2082,1572,2,1682363103692,"p3sarrshacol4.png","sarrshacol","new"
"160",7269,0,2,5,4,1,3,0,0,0,0,19,59,79,"24-03-23","21:05:03","kjubx9",1428,"cir3.png",3,1,"cir",0,0,"sqa5.png",5,1,"sqa",0,-120,"tri1.png",1,1,"tri",120,0,"tri3.png",3,1,"tri",-120,0,"cir6.png",6,1,"cir",120,-120,"",NA,"",NA,NA,"right","left",2082,1572,3,1682363103692,"p3sarrshacol4.png","sarrshacol","new"
"161",7270,0,5,2,1,0,4,3,0,0,0,19,59,79,"24-03-23","21:05:03","kjubx9",1428,"tri4.png",4,1,"tri",-120,0,"sqa4.png",4,1,"sqa",120,-120,"tri6.png",6,1,"tri",-120,120,"tri4.png",4,1,"tri",120,0,"sqa1.png",1,1,"sqa",0,-120,"",NA,"",NA,NA,"right","left",2082,1572,4,1682363103692,"p3sarrshacol4.png","sarrshacol","new"
